date,上证综指,创业板
2010-06-02,2571.423,997.119
2010-06-03,2552.656,998.394
2010-06-04,2553.593,1027.681
2010-06-07,2511.729,1069.468
2010-06-08,2513.947,1067.154
2010-06-09,2583.87,1077.823
2010-06-10,2562.58,1117.478
2010-06-11,2569.942,1122.199
2010-06-17,2560.245,1064.839
2010-06-18,2513.222,1000.277
2010-06-21,2586.21,1040.802
2010-06-22,2588.698,1034.995
2010-06-23,2569.872,1047.337
2010-06-24,2566.745,1050.601
2010-06-25,2552.817,1016.283
2010-06-28,2535.278,987.827
2010-06-29,2427.053,913.309
2010-06-30,2398.37,919.314
2010-07-01,2373.792,882.19
2010-07-02,2382.901,873.12
2010-07-05,2363.947,862.268
2010-07-06,2409.424,893.718
2010-07-07,2421.117,908.549
2010-07-08,2415.15,905.509
2010-07-09,2470.923,932.147
2010-07-12,2490.72,930.17
2010-07-13,2450.286,931.08
2010-07-14,2470.44,922.362
2010-07-15,2424.304,892.557
2010-07-16,2424.271,892.298
2010-07-19,2475.421,908.049
2010-07-20,2528.73,937.017
2010-07-21,2535.394,941.25
2010-07-22,2562.406,950.209
2010-07-23,2572.028,960.588
2010-07-26,2588.683,966.154
2010-07-27,2575.368,957.967
2010-07-28,2633.663,972.534
2010-07-29,2648.116,975.362
2010-07-30,2637.503,968.431
2010-08-02,2672.516,994.228
2010-08-03,2627.002,975.645
2010-08-04,2638.522,978.014
2010-08-05,2620.757,987.351
2010-08-06,2658.392,1011.39
2010-08-09,2672.53,1032.34
2010-08-10,2595.274,993.992
2010-08-11,2607.497,1004.637
2010-08-12,2575.475,991.777
2010-08-13,2606.7,1007.206
2010-08-16,2661.708,1030.217
2010-08-17,2671.893,1033.581
2010-08-18,2666.301,1026.722
2010-08-19,2687.979,1025.526
2010-08-20,2642.307,995.944
2010-08-23,2639.366,995.613
2010-08-24,2650.307,1004.985
2010-08-25,2596.58,976.878
2010-08-26,2603.48,980.63
2010-08-27,2610.74,999.46
2010-08-30,2652.66,1024.93
2010-08-31,2638.8,1025.57
2010-09-01,2622.88,995.59
2010-09-02,2655.78,1014.92
2010-09-03,2655.39,1036.7
2010-09-06,2696.25,1010.76
2010-09-07,2698.36,1022.62
2010-09-08,2695.29,1026.33
2010-09-09,2656.35,1021.83
2010-09-10,2663.21,1034.94
2010-09-13,2688.32,1042.48
2010-09-14,2688.52,1031.22
2010-09-15,2652.5,990.1
2010-09-16,2602.47,972.6
2010-09-17,2598.69,972.23
2010-09-20,2588.71,949.2
2010-09-21,2591.55,934.46
2010-09-27,2627.97,950.67
2010-09-28,2611.35,942.05
2010-09-29,2610.68,926.76
2010-09-30,2655.66,942.54
2010-10-08,2738.74,959.86
2010-10-11,2806.94,947.11
2010-10-12,2841.41,951.79
2010-10-13,2861.36,962.74
2010-10-14,2879.64,958.49
2010-10-15,2971.16,944.25
2010-10-18,2955.23,932.36
2010-10-19,3001.85,995.92
2010-10-20,3003.95,1004.54
2010-10-21,2983.53,991.84
2010-10-22,2975.04,1013.45
2010-10-25,3051.42,1039.05
2010-10-26,3041.54,1036.01
2010-10-27,2997.05,1030.59
2010-10-28,2992.58,1038.62
2010-10-29,2978.83,1064.52
2010-11-01,3054.02,1107.52
2010-11-02,3045.43,1075.15
2010-11-03,3030.99,1040.62
2010-11-04,3086.94,1057.71
2010-11-05,3129.5,1072.22
2010-11-08,3159.51,1107.06
2010-11-09,3135.0,1115.65
2010-11-10,3115.36,1141.58
2010-11-11,3147.74,1132.72
2010-11-12,2985.44,1082.24
2010-11-15,3014.41,1148.54
2010-11-16,2894.54,1126.18
2010-11-17,2838.86,1085.35
2010-11-18,2865.45,1102.84
2010-11-19,2888.57,1153.17
2010-11-22,2884.37,1174.94
2010-11-23,2828.28,1183.5
2010-11-24,2859.94,1208.45
2010-11-25,2898.26,1186.36
2010-11-26,2871.7,1196.02
2010-11-29,2866.36,1220.11
2010-11-30,2820.18,1181.5
2010-12-01,2823.45,1177.18
2010-12-02,2843.61,1177.84
2010-12-03,2842.43,1157.94
2010-12-06,2857.18,1134.38
2010-12-07,2875.86,1161.69
2010-12-08,2848.55,1160.24
2010-12-09,2810.95,1144.53
2010-12-10,2841.04,1166.8
2010-12-13,2922.95,1209.27
2010-12-14,2927.08,1218.52
2010-12-15,2911.41,1211.8
2010-12-16,2898.14,1225.03
2010-12-17,2893.74,1232.98
2010-12-20,2852.92,1212.34
2010-12-21,2904.11,1215.02
2010-12-22,2877.9,1201.65
2010-12-23,2855.22,1176.36
2010-12-24,2835.16,1144.5
2010-12-27,2781.4,1105.3
2010-12-28,2732.99,1091.48
2010-12-29,2751.53,1113.31
2010-12-30,2759.57,1117.21
2010-12-31,2808.08,1137.66
2011-01-04,2852.65,1155.11
2011-01-05,2838.59,1155.35
2011-01-06,2824.2,1134.79
2011-01-07,2838.8,1126.52
2011-01-10,2791.81,1093.77
2011-01-11,2804.05,1078.36
2011-01-12,2821.3,1089.67
2011-01-13,2827.71,1093.86
2011-01-14,2791.34,1067.42
2011-01-17,2706.66,1028.16
2011-01-18,2708.98,1025.72
2011-01-19,2758.1,1048.54
2011-01-20,2677.65,1020.39
2011-01-21,2715.29,1024.51
2011-01-24,2695.72,994.97
2011-01-25,2677.43,979.0
2011-01-26,2708.81,995.74
2011-01-27,2749.15,1013.02
2011-01-28,2752.75,1020.94
2011-01-31,2790.69,1029.12
2011-02-01,2798.96,1032.6
2011-02-09,2774.06,1025.15
2011-02-10,2818.16,1063.95
2011-02-11,2827.33,1071.58
2011-02-14,2899.13,1086.56
2011-02-15,2899.24,1087.72
2011-02-16,2923.9,1107.24
2011-02-17,2926.96,1115.33
2011-02-18,2899.79,1100.46
2011-02-21,2932.25,1117.67
2011-02-22,2855.52,1088.27
2011-02-23,2862.63,1114.05
2011-02-24,2878.6,1101.95
2011-02-25,2878.56,1095.1
2011-02-28,2905.05,1099.78
2011-03-01,2918.92,1098.0
2011-03-02,2913.81,1088.9
2011-03-03,2902.98,1064.31
2011-03-04,2942.31,1071.86
2011-03-07,2996.21,1078.11
2011-03-08,2999.94,1084.82
2011-03-09,3002.15,1087.3
2011-03-10,2957.14,1093.9
2011-03-11,2933.8,1101.76
2011-03-14,2937.63,1107.54
2011-03-15,2896.26,1094.95
2011-03-16,2930.8,1102.21
2011-03-17,2897.3,1078.37
2011-03-18,2906.89,1083.6
2011-03-21,2909.14,1070.6
2011-03-22,2919.14,1067.29
2011-03-23,2948.48,1076.56
2011-03-24,2946.71,1077.99
2011-03-25,2977.81,1072.34
2011-03-28,2984.0,1052.11
2011-03-29,2958.08,1019.04
2011-03-30,2955.77,1006.37
2011-03-31,2928.11,1008.3
2011-04-01,2967.41,1015.08
2011-04-06,3001.36,994.26
2011-04-07,3007.91,1004.41
2011-04-08,3030.02,1019.14
2011-04-11,3022.75,1002.8
2011-04-12,3021.37,1000.16
2011-04-13,3050.4,1020.75
2011-04-14,3042.64,1016.62
2011-04-15,3050.53,1010.06
2011-04-18,3057.33,1003.26
2011-04-19,2999.04,994.3
2011-04-20,3007.04,1008.18
2011-04-21,3026.67,1010.56
2011-04-22,3010.52,1004.65
2011-04-25,2964.95,975.17
2011-04-26,2938.98,958.29
2011-04-27,2925.41,942.54
2011-04-28,2887.04,904.15
2011-04-29,2911.51,912.72
2011-05-03,2932.19,922.07
2011-05-04,2866.02,903.98
2011-05-05,2872.4,914.59
2011-05-06,2863.89,918.28
2011-05-09,2872.46,931.77
2011-05-10,2890.63,931.21
2011-05-11,2883.42,929.95
2011-05-12,2844.08,909.26
2011-05-13,2871.03,909.77
2011-05-16,2849.07,906.34
2011-05-17,2852.77,895.15
2011-05-18,2872.77,890.79
2011-05-19,2859.57,884.89
2011-05-20,2858.46,875.43
2011-05-23,2774.57,840.9
2011-05-24,2767.06,870.94
2011-05-25,2741.74,842.35
2011-05-26,2736.53,830.92
2011-05-27,2709.95,822.94
2011-05-30,2706.36,834.32
2011-05-31,2743.47,846.32
2011-06-01,2743.57,851.17
2011-06-02,2705.18,833.74
2011-06-03,2728.02,847.54
2011-06-07,2744.3,847.71
2011-06-08,2750.29,844.98
2011-06-09,2703.34,828.02
2011-06-10,2705.14,824.03
2011-06-13,2700.38,829.36
2011-06-14,2730.04,838.47
2011-06-15,2705.43,827.53
2011-06-16,2664.28,810.71
2011-06-17,2642.82,802.64
2011-06-20,2621.25,791.76
2011-06-21,2646.48,795.61
2011-06-22,2649.32,791.51
2011-06-23,2688.25,814.44
2011-06-24,2746.21,832.32
2011-06-27,2758.23,843.86
2011-06-28,2759.2,844.18
2011-06-29,2728.48,836.38
2011-06-30,2762.08,845.92
2011-07-01,2759.36,855.27
2011-07-04,2812.82,876.17
2011-07-05,2816.35,883.42
2011-07-06,2810.48,894.28
2011-07-07,2794.27,899.8
2011-07-08,2797.77,894.91
2011-07-11,2802.69,903.31
2011-07-12,2754.58,891.52
2011-07-13,2795.48,913.09
2011-07-14,2810.44,932.78
2011-07-15,2820.17,951.14
2011-07-18,2816.69,946.12
2011-07-19,2796.98,927.3
2011-07-20,2794.21,930.83
2011-07-21,2765.89,915.37
2011-07-22,2770.79,923.99
2011-07-25,2688.75,887.06
2011-07-26,2703.03,892.54
2011-07-27,2723.49,915.55
2011-07-28,2708.78,919.4
2011-07-29,2701.73,913.28
2011-08-01,2703.78,927.38
2011-08-02,2679.26,932.12
2011-08-03,2678.49,945.51
2011-08-04,2684.04,937.47
2011-08-05,2626.42,919.18
2011-08-08,2526.82,877.44
2011-08-09,2526.07,878.76
2011-08-10,2549.18,891.75
2011-08-11,2581.51,915.49
2011-08-12,2593.17,926.3
2011-08-15,2626.77,942.48
2011-08-16,2608.17,933.14
2011-08-17,2601.26,936.16
2011-08-18,2559.47,915.68
2011-08-19,2534.36,912.42
2011-08-22,2515.86,910.61
2011-08-23,2554.02,936.42
2011-08-24,2541.09,940.2
2011-08-25,2615.26,942.94
2011-08-26,2612.19,952.81
2011-08-29,2576.41,954.03
2011-08-30,2566.59,934.18
2011-08-31,2567.34,921.49
2011-09-01,2556.04,917.75
2011-09-02,2528.28,909.85
2011-09-05,2478.74,883.87
2011-09-06,2470.52,874.74
2011-09-07,2516.09,899.61
2011-09-08,2498.94,891.93
2011-09-09,2497.75,881.58
2011-09-13,2471.3,861.92
2011-09-14,2484.83,876.95
2011-09-15,2479.05,875.86
2011-09-16,2482.34,874.88
2011-09-19,2437.79,854.71
2011-09-20,2447.75,856.81
2011-09-21,2512.96,881.03
2011-09-22,2443.06,852.92
2011-09-23,2433.16,843.48
2011-09-26,2393.18,829.35
2011-09-27,2415.05,830.88
2011-09-28,2392.06,817.52
2011-09-29,2365.34,791.89
2011-09-30,2359.22,791.13
2011-10-10,2344.79,790.04
2011-10-11,2348.52,786.15
2011-10-12,2420.0,816.14
2011-10-13,2438.79,833.02
2011-10-14,2431.38,830.2
2011-10-17,2440.4,832.29
2011-10-18,2383.49,806.6
2011-10-19,2377.51,804.44
2011-10-20,2331.37,778.95
2011-10-21,2317.27,763.29
2011-10-24,2370.33,772.41
2011-10-25,2409.67,797.86
2011-10-26,2427.48,811.13
2011-10-27,2435.61,810.92
2011-10-28,2473.41,833.42
2011-10-31,2468.25,852.8
2011-11-01,2470.02,853.36
2011-11-02,2504.11,881.05
2011-11-03,2508.09,877.66
2011-11-04,2528.29,882.25
2011-11-07,2509.8,878.76
2011-11-08,2503.84,862.36
2011-11-09,2524.92,891.12
2011-11-10,2479.54,895.27
2011-11-11,2481.08,891.19
2011-11-14,2528.71,915.98
2011-11-15,2529.76,920.97
2011-11-16,2466.96,893.51
2011-11-17,2463.05,898.34
2011-11-18,2416.56,869.19
2011-11-21,2415.13,863.13
2011-11-22,2412.62,868.43
2011-11-23,2395.06,864.81
2011-11-24,2397.55,868.14
2011-11-25,2380.22,863.49
2011-11-28,2383.03,866.84
2011-11-29,2412.39,880.31
2011-11-30,2333.41,838.11
2011-12-01,2386.86,852.87
2011-12-02,2359.35,828.97
2011-12-05,2332.05,791.39
2011-12-06,2325.91,798.1
2011-12-07,2332.73,802.62
2011-12-08,2329.82,809.43
2011-12-09,2315.27,798.84
2011-12-12,2291.54,790.79
2011-12-13,2260.48,769.55
2011-12-14,2231.82,757.04
2011-12-15,2192.37,751.39
2011-12-16,2224.84,778.78
2011-12-19,2218.24,793.44
2011-12-20,2215.93,781.42
2011-12-21,2191.15,761.34
2011-12-22,2186.3,757.9
2011-12-23,2204.78,761.44
2011-12-26,2190.11,753.05
2011-12-27,2166.21,727.17
2011-12-28,2170.01,717.55
2011-12-29,2173.56,716.55
2011-12-30,2199.42,729.5
2012-01-04,2169.39,707.11
2012-01-05,2148.45,666.91
2012-01-06,2163.4,669.02
2012-01-09,2225.89,692.42
2012-01-10,2285.74,716.45
2012-01-11,2276.05,717.94
2012-01-12,2275.01,709.89
2012-01-13,2244.58,666.08
2012-01-16,2206.19,633.91
2012-01-17,2298.38,662.69
2012-01-18,2266.38,624.91
2012-01-19,2296.07,632.8
2012-01-20,2319.12,646.38
2012-01-30,2285.04,651.25
2012-01-31,2292.61,648.68
2012-02-01,2268.08,650.78
2012-02-02,2312.56,665.4
2012-02-03,2330.41,680.04
2012-02-06,2331.14,686.51
2012-02-07,2291.9,673.68
2012-02-08,2347.53,692.3
2012-02-09,2349.59,697.79
2012-02-10,2351.98,698.85
2012-02-13,2351.85,714.96
2012-02-14,2344.77,712.3
2012-02-15,2366.7,724.75
2012-02-16,2356.86,721.83
2012-02-17,2357.18,717.8
2012-02-20,2363.6,721.1
2012-02-21,2381.43,736.88
2012-02-22,2403.59,759.56
2012-02-23,2409.55,756.9
2012-02-24,2439.63,762.29
2012-02-27,2447.06,760.37
2012-02-28,2451.86,747.77
2012-02-29,2428.49,735.34
2012-03-01,2426.11,743.15
2012-03-02,2460.69,757.67
2012-03-05,2445.0,759.37
2012-03-06,2410.45,750.84
2012-03-07,2394.79,749.27
2012-03-08,2420.28,761.7
2012-03-09,2439.46,777.69
2012-03-12,2434.86,786.05
2012-03-13,2455.79,792.38
2012-03-14,2391.23,756.46
2012-03-15,2373.77,746.44
2012-03-16,2404.74,765.56
2012-03-19,2410.18,779.56
2012-03-20,2376.84,755.58
2012-03-21,2378.2,751.79
2012-03-22,2375.77,750.85
2012-03-23,2349.54,737.89
2012-03-26,2350.6,737.21
2012-03-27,2347.18,735.73
2012-03-28,2284.88,698.49
2012-03-29,2252.16,683.96
2012-03-30,2262.79,678.52
2012-04-05,2302.24,697.75
2012-04-06,2306.55,701.9
2012-04-09,2285.78,689.72
2012-04-10,2305.86,697.16
2012-04-11,2308.93,698.49
2012-04-12,2350.86,713.12
2012-04-13,2359.16,718.96
2012-04-16,2357.03,716.23
2012-04-17,2334.99,709.14
2012-04-18,2380.85,723.46
2012-04-19,2378.63,725.12
2012-04-20,2406.86,728.72
2012-04-23,2388.59,690.43
2012-04-24,2388.83,681.53
2012-04-25,2406.81,682.52
2012-04-26,2404.7,678.44
2012-04-27,2396.32,685.13
2012-05-02,2438.44,693.61
2012-05-03,2440.08,699.31
2012-05-04,2452.01,713.19
2012-05-07,2451.95,733.04
2012-05-08,2448.88,731.72
2012-05-09,2408.59,719.35
2012-05-10,2410.23,727.28
2012-05-11,2394.98,721.08
2012-05-14,2380.73,719.87
2012-05-15,2374.84,720.11
2012-05-16,2346.19,709.96
2012-05-17,2378.89,716.17
2012-05-18,2344.52,706.22
2012-05-21,2348.3,704.8
2012-05-22,2373.31,714.66
2012-05-23,2363.44,713.02
2012-05-24,2350.97,712.58
2012-05-25,2333.55,702.72
2012-05-28,2361.37,706.47
2012-05-29,2389.64,720.45
2012-05-30,2384.67,727.19
2012-05-31,2372.23,734.45
2012-06-01,2373.44,734.26
2012-06-04,2308.55,717.1
2012-06-05,2311.92,715.93
2012-06-06,2309.55,715.24
2012-06-07,2293.13,711.43
2012-06-08,2281.45,713.92
2012-06-11,2305.86,734.5
2012-06-12,2289.79,735.29
2012-06-13,2318.92,746.51
2012-06-14,2295.95,740.97
2012-06-15,2306.85,742.27
2012-06-18,2316.05,752.98
2012-06-19,2300.79,747.49
2012-06-20,2292.88,748.39
2012-06-21,2260.88,739.05
2012-06-25,2224.11,720.6
2012-06-26,2222.07,715.92
2012-06-27,2216.93,718.93
2012-06-28,2195.84,711.14
2012-06-29,2225.43,726.68
2012-07-02,2226.11,741.19
2012-07-03,2229.19,743.9
2012-07-04,2227.31,739.62
2012-07-05,2201.35,724.31
2012-07-06,2223.58,737.29
2012-07-09,2170.81,722.28
2012-07-10,2164.44,713.53
2012-07-11,2175.38,719.3
2012-07-12,2185.49,734.32
2012-07-13,2185.9,725.79
2012-07-16,2147.96,691.39
2012-07-17,2161.19,697.0
2012-07-18,2169.1,702.14
2012-07-19,2184.84,709.17
2012-07-20,2168.64,706.25
2012-07-23,2141.4,704.57
2012-07-24,2146.59,706.4
2012-07-25,2136.15,708.3
2012-07-26,2126.0,706.72
2012-07-27,2128.76,703.58
2012-07-30,2109.91,688.47
2012-07-31,2103.63,676.96
2012-08-01,2123.36,689.49
2012-08-02,2111.18,690.98
2012-08-03,2132.8,711.92
2012-08-06,2154.92,730.42
2012-08-07,2157.62,736.01
2012-08-08,2160.99,730.07
2012-08-09,2174.1,743.2
2012-08-10,2168.81,743.07
2012-08-13,2136.08,727.64
2012-08-14,2142.52,736.35
2012-08-15,2118.95,729.73
2012-08-16,2112.2,723.53
2012-08-17,2114.89,721.05
2012-08-20,2106.96,730.87
2012-08-21,2118.27,748.93
2012-08-22,2107.71,746.85
2012-08-23,2113.07,750.56
2012-08-24,2092.1,733.31
2012-08-27,2055.71,722.57
2012-08-28,2073.15,727.62
2012-08-29,2053.24,726.94
2012-08-30,2052.58,704.03
2012-08-31,2047.52,706.62
2012-09-03,2059.15,723.87
2012-09-04,2043.65,722.72
2012-09-05,2037.68,730.62
2012-09-06,2051.92,739.74
2012-09-07,2127.76,759.46
2012-09-10,2134.89,762.31
2012-09-11,2120.55,761.73
2012-09-12,2126.55,762.51
2012-09-13,2110.38,749.89
2012-09-14,2123.85,744.46
2012-09-17,2078.5,724.15
2012-09-18,2059.54,723.61
2012-09-19,2067.83,728.25
2012-09-20,2024.84,706.69
2012-09-21,2026.69,691.14
2012-09-24,2033.19,690.34
2012-09-25,2029.29,682.34
2012-09-26,2004.17,661.49
2012-09-27,2056.32,676.96
2012-09-28,2086.17,689.64
2012-10-08,2074.42,690.77
2012-10-09,2115.23,712.7
2012-10-10,2119.94,721.85
2012-10-11,2102.87,711.8
2012-10-12,2104.93,708.87
2012-10-15,2098.7,701.96
2012-10-16,2098.81,705.39
2012-10-17,2105.62,709.09
2012-10-18,2131.69,720.52
2012-10-19,2128.3,719.45
2012-10-22,2132.76,724.28
2012-10-23,2114.45,711.26
2012-10-24,2115.99,707.75
2012-10-25,2101.58,697.44
2012-10-26,2066.21,685.33
2012-10-29,2058.94,688.12
2012-10-30,2062.35,689.61
2012-10-31,2068.88,691.65
2012-11-01,2104.43,701.78
2012-11-02,2117.05,701.38
2012-11-05,2114.03,692.87
2012-11-06,2106.0,690.5
2012-11-07,2105.73,689.75
2012-11-08,2071.51,675.85
2012-11-09,2069.07,672.67
2012-11-12,2079.27,676.6
2012-11-13,2047.89,667.33
2012-11-14,2055.42,665.18
2012-11-15,2030.29,659.21
2012-11-16,2014.72,656.2
2012-11-19,2016.98,656.94
2012-11-20,2008.92,656.61
2012-11-21,2030.32,660.03
2012-11-22,2015.61,651.83
2012-11-23,2027.38,651.43
2012-11-26,2017.46,638.88
2012-11-27,1991.17,616.28
2012-11-28,1973.52,607.67
2012-11-29,1963.49,603.17
2012-11-30,1980.12,606.77
2012-12-03,1959.77,593.66
2012-12-04,1975.14,600.8
2012-12-05,2031.91,624.82
2012-12-06,2029.24,624.32
2012-12-07,2061.79,637.49
2012-12-10,2083.77,646.32
2012-12-11,2074.7,641.17
2012-12-12,2082.73,639.51
2012-12-13,2061.48,632.18
2012-12-14,2150.62,656.22
2012-12-17,2160.34,649.61
2012-12-18,2162.46,646.05
2012-12-19,2162.24,652.1
2012-12-20,2168.35,658.31
2012-12-21,2153.31,668.09
2012-12-24,2159.05,679.76
2012-12-25,2213.61,694.12
2012-12-26,2219.13,709.08
2012-12-27,2205.9,699.57
2012-12-28,2233.25,707.67
2012-12-31,2269.13,713.86
2013-01-04,2276.99,705.34
2013-01-07,2285.36,718.11
2013-01-08,2276.07,733.14
2013-01-09,2275.34,734.51
2013-01-10,2283.66,741.18
2013-01-11,2243.0,731.59
2013-01-14,2311.74,760.55
2013-01-15,2325.68,778.6
2013-01-16,2309.5,774.48
2013-01-17,2284.91,768.31
2013-01-18,2317.07,787.39
2013-01-21,2328.22,792.6
2013-01-22,2315.14,775.14
2013-01-23,2320.91,778.48
2013-01-24,2302.6,757.87
2013-01-25,2291.3,762.85
2013-01-28,2346.5,784.76
2013-01-29,2358.98,791.67
2013-01-30,2382.48,783.68
2013-01-31,2385.42,776.01
2013-02-01,2419.02,782.36
2013-02-04,2428.15,771.9
2013-02-05,2433.13,780.98
2013-02-06,2434.48,791.26
2013-02-07,2418.53,805.59
2013-02-08,2432.4,823.03
2013-02-18,2421.56,835.28
2013-02-19,2382.91,819.71
2013-02-20,2397.18,850.86
2013-02-21,2325.95,839.3
2013-02-22,2314.16,838.76
2013-02-25,2325.82,855.69
2013-02-26,2293.34,851.22
2013-02-27,2313.22,846.09
2013-02-28,2365.59,861.09
2013-03-01,2359.51,884.89
2013-03-04,2273.4,863.5
2013-03-05,2326.31,888.1
2013-03-06,2347.18,902.9
2013-03-07,2324.29,877.34
2013-03-08,2318.61,864.7
2013-03-11,2310.59,869.15
2013-03-12,2286.6,839.84
2013-03-13,2263.97,834.05
2013-03-14,2270.28,842.04
2013-03-15,2278.4,853.91
2013-03-18,2240.02,852.12
2013-03-19,2257.43,842.68
2013-03-20,2317.37,866.27
2013-03-21,2324.24,882.73
2013-03-22,2328.28,882.0
2013-03-25,2326.72,881.76
2013-03-26,2297.67,876.36
2013-03-27,2301.26,882.75
2013-03-28,2236.3,867.51
2013-03-29,2236.62,866.46
2013-04-01,2234.4,877.0
2013-04-02,2227.74,845.16
2013-04-03,2225.29,835.14
2013-04-08,2211.59,853.48
2013-04-09,2225.77,861.99
2013-04-10,2226.13,850.53
2013-04-11,2219.55,847.78
2013-04-12,2206.78,846.61
2013-04-15,2181.94,836.34
2013-04-16,2194.85,846.05
2013-04-17,2193.8,867.51
2013-04-18,2197.6,873.48
2013-04-19,2244.64,892.21
2013-04-22,2242.17,916.02
2013-04-23,2184.54,893.79
2013-04-24,2218.32,923.41
2013-04-25,2199.31,903.63
2013-04-26,2177.91,889.38
2013-05-02,2174.12,913.65
2013-05-03,2205.5,939.21
2013-05-06,2231.17,958.02
2013-05-07,2235.57,957.44
2013-05-08,2246.3,980.08
2013-05-09,2232.97,992.16
2013-05-10,2246.83,988.3
2013-05-13,2241.92,995.11
2013-05-14,2217.01,976.33
2013-05-15,2224.8,1012.66
2013-05-16,2251.81,1009.53
2013-05-17,2282.87,1023.4
2013-05-20,2299.99,1051.65
2013-05-21,2305.11,1073.58
2013-05-22,2302.4,1039.81
2013-05-23,2275.67,1042.9
2013-05-24,2288.53,1073.78
2013-05-27,2293.08,1089.72
2013-05-28,2321.32,1059.0
2013-05-29,2324.02,1065.96
2013-05-30,2317.75,1073.87
2013-05-31,2300.59,1073.02
2013-06-03,2299.25,1052.14
2013-06-04,2272.42,1022.46
2013-06-05,2270.93,1032.76
2013-06-06,2242.11,1022.13
2013-06-07,2210.9,1030.14
2013-06-13,2148.35,1029.28
2013-06-14,2162.04,1068.15
2013-06-17,2156.22,1073.69
2013-06-18,2159.29,1072.93
2013-06-19,2143.45,1067.62
2013-06-20,2084.02,1029.53
2013-06-21,2073.09,1025.5
2013-06-24,1963.23,971.45
2013-06-25,1959.51,984.75
2013-06-26,1951.49,1038.98
2013-06-27,1950.01,1022.5
2013-06-28,1979.21,1011.66
2013-07-01,1995.24,1055.84
2013-07-02,2006.56,1083.25
2013-07-03,1994.27,1104.58
2013-07-04,2006.1,1087.9
2013-07-05,2007.2,1057.27
2013-07-08,1958.27,1030.6
2013-07-09,1965.45,1050.71
2013-07-10,2008.13,1068.86
2013-07-11,2072.99,1080.78
2013-07-12,2039.49,1096.3
2013-07-15,2059.39,1139.57
2013-07-16,2065.72,1143.19
2013-07-17,2044.92,1129.48
2013-07-18,2023.4,1127.97
2013-07-19,1992.65,1116.01
2013-07-22,2004.76,1153.77
2013-07-23,2043.88,1178.59
2013-07-24,2033.33,1203.31
2013-07-25,2021.17,1150.39
2013-07-26,2010.85,1158.35
2013-07-29,1976.31,1136.98
2013-07-30,1990.06,1124.1
2013-07-31,1993.8,1134.02
2013-08-01,2029.07,1190.11
2013-08-02,2029.42,1188.85
2013-08-05,2050.48,1202.83
2013-08-06,2060.5,1211.78
2013-08-07,2046.78,1175.7
2013-08-08,2044.9,1185.95
2013-08-09,2052.24,1172.52
2013-08-12,2101.28,1161.87
2013-08-13,2106.16,1172.33
2013-08-14,2100.14,1180.66
2013-08-15,2081.88,1167.09
2013-08-16,2068.45,1132.09
2013-08-19,2085.6,1171.4
2013-08-20,2072.59,1175.78
2013-08-21,2072.96,1181.34
2013-08-22,2067.12,1197.13
2013-08-23,2057.46,1219.82
2013-08-26,2096.47,1238.17
2013-08-27,2103.57,1250.75
2013-08-28,2101.3,1227.99
2013-08-29,2097.23,1226.3
2013-08-30,2098.38,1185.15
2013-09-02,2098.45,1210.19
2013-09-03,2123.11,1234.59
2013-09-04,2127.62,1236.35
2013-09-05,2122.43,1267.26
2013-09-06,2139.99,1282.75
2013-09-09,2212.52,1275.91
2013-09-10,2237.98,1263.59
2013-09-11,2241.27,1220.7
2013-09-12,2255.6,1220.63
2013-09-13,2236.22,1253.45
2013-09-16,2231.4,1278.8
2013-09-17,2185.56,1269.36
2013-09-18,2191.85,1289.64
2013-09-23,2221.04,1326.09
2013-09-24,2207.53,1328.4
2013-09-25,2198.51,1323.04
2013-09-26,2155.81,1306.34
2013-09-27,2160.03,1323.76
2013-09-30,2174.67,1367.91
2013-10-08,2198.2,1387.66
2013-10-09,2211.77,1415.83
2013-10-10,2190.93,1378.15
2013-10-11,2228.15,1379.9
2013-10-14,2237.77,1393.6
2013-10-15,2233.41,1389.75
2013-10-16,2193.07,1335.1
2013-10-17,2188.54,1322.99
2013-10-18,2193.78,1349.94
2013-10-21,2229.24,1400.97
2013-10-22,2210.65,1350.47
2013-10-23,2183.11,1311.23
2013-10-24,2164.32,1295.93
2013-10-25,2132.96,1269.17
2013-10-28,2133.87,1279.05
2013-10-29,2128.86,1261.68
2013-10-30,2160.46,1273.29
2013-10-31,2141.61,1235.56
2013-11-01,2149.56,1221.96
2013-11-04,2149.63,1222.46
2013-11-05,2157.24,1260.03
2013-11-06,2139.61,1241.79
2013-11-07,2129.4,1224.05
2013-11-08,2106.13,1211.11
2013-11-11,2109.47,1212.69
2013-11-12,2126.77,1228.35
2013-11-13,2087.94,1212.08
2013-11-14,2100.51,1249.67
2013-11-15,2135.83,1269.05
2013-11-18,2197.22,1291.15
2013-11-19,2193.12,1298.17
2013-11-20,2206.61,1299.26
2013-11-21,2205.77,1298.95
2013-11-22,2196.38,1295.07
2013-11-25,2186.11,1293.8
2013-11-26,2183.07,1291.85
2013-11-27,2201.07,1329.48
2013-11-28,2219.37,1336.66
2013-11-29,2220.5,1366.83
2013-12-02,2207.37,1253.93
2013-12-03,2222.67,1255.33
2013-12-04,2251.76,1240.29
2013-12-05,2247.06,1202.07
2013-12-06,2237.11,1206.78
2013-12-09,2238.2,1241.71
2013-12-10,2237.49,1231.92
2013-12-11,2204.17,1244.51
2013-12-12,2202.8,1279.32
2013-12-13,2196.07,1278.14
2013-12-16,2160.86,1279.96
2013-12-17,2151.08,1267.67
2013-12-18,2148.28,1256.0
2013-12-19,2127.79,1256.08
2013-12-20,2084.79,1253.71
2013-12-23,2089.71,1242.81
2013-12-24,2092.91,1258.82
2013-12-25,2106.35,1288.34
2013-12-26,2073.1,1269.54
2013-12-27,2101.25,1294.3
2013-12-30,2097.53,1307.99
2013-12-31,2115.98,1304.44
2014-01-02,2109.39,1333.0
2014-01-03,2083.14,1352.84
2014-01-06,2045.71,1323.33
2014-01-07,2047.32,1352.28
2014-01-08,2044.34,1405.02
2014-01-09,2027.62,1380.24
2014-01-10,2013.3,1353.3
2014-01-13,2009.56,1362.79
2014-01-14,2026.84,1400.92
2014-01-15,2023.35,1415.32
2014-01-16,2023.7,1395.16
2014-01-17,2004.95,1395.51
2014-01-20,1991.25,1372.74
2014-01-21,2008.31,1407.15
2014-01-22,2051.75,1431.74
2014-01-23,2042.18,1461.53
2014-01-24,2054.39,1484.43
2014-01-27,2033.3,1477.67
2014-01-28,2038.51,1471.34
2014-01-29,2049.91,1496.53
2014-01-30,2033.08,1495.98
2014-02-07,2044.5,1532.69
2014-02-10,2086.07,1553.42
2014-02-11,2103.67,1527.15
2014-02-12,2109.96,1539.97
2014-02-13,2098.4,1485.13
2014-02-14,2115.85,1515.78
2014-02-17,2135.42,1558.62
2014-02-18,2119.07,1545.34
2014-02-19,2142.55,1544.4
2014-02-20,2138.78,1515.16
2014-02-21,2113.69,1519.67
2014-02-24,2076.69,1540.03
2014-02-25,2034.22,1472.69
2014-02-26,2041.25,1465.98
2014-02-27,2047.35,1414.66
2014-02-28,2056.3,1434.89
2014-03-03,2075.24,1465.14
2014-03-04,2071.47,1460.45
2014-03-05,2053.08,1464.58
2014-03-06,2059.58,1462.53
2014-03-07,2057.91,1460.61
2014-03-10,1999.06,1407.07
2014-03-11,2001.16,1395.81
2014-03-12,1997.69,1399.27
2014-03-13,2019.11,1436.86
2014-03-14,2004.34,1434.02
2014-03-17,2023.67,1477.42
2014-03-18,2025.2,1485.64
2014-03-19,2021.73,1466.22
2014-03-20,1993.48,1417.66
2014-03-21,2047.62,1419.84
2014-03-24,2066.28,1397.29
2014-03-25,2067.31,1394.82
2014-03-26,2063.67,1417.61
2014-03-27,2046.59,1367.96
2014-03-28,2041.71,1330.5
2014-03-31,2033.31,1327.8
2014-04-01,2047.46,1355.05
2014-04-02,2058.99,1327.98
2014-04-03,2043.7,1326.18
2014-04-04,2058.83,1346.74
2014-04-08,2098.28,1351.18
2014-04-09,2105.24,1370.46
2014-04-10,2134.3,1381.14
2014-04-11,2130.54,1363.9
2014-04-14,2131.54,1372.73
2014-04-15,2101.6,1369.89
2014-04-16,2105.12,1359.3
2014-04-17,2098.89,1367.59
2014-04-18,2097.75,1377.42
2014-04-21,2065.83,1363.85
2014-04-22,2072.83,1336.19
2014-04-23,2066.36,1324.82
2014-04-24,2057.03,1319.51
2014-04-25,2036.52,1291.9
2014-04-28,2003.49,1257.26
2014-04-29,2020.34,1266.54
2014-04-30,2026.36,1283.21
2014-05-05,2027.35,1302.15
2014-05-06,2028.04,1316.86
2014-05-07,2010.08,1290.03
2014-05-08,2015.27,1279.84
2014-05-09,2011.14,1258.58
2014-05-12,2052.87,1278.28
2014-05-13,2050.73,1276.24
2014-05-14,2047.91,1278.66
2014-05-15,2024.97,1253.88
2014-05-16,2026.5,1226.47
2014-05-19,2005.18,1228.37
2014-05-20,2008.12,1244.65
2014-05-21,2024.95,1257.8
2014-05-22,2021.29,1269.51
2014-05-23,2034.57,1296.0
2014-05-26,2041.48,1320.76
2014-05-27,2034.56,1306.28
2014-05-28,2050.23,1338.97
2014-05-29,2040.59,1314.21
2014-05-30,2039.21,1318.13
2014-06-03,2038.31,1319.62
2014-06-04,2024.83,1321.72
2014-06-05,2040.88,1355.48
2014-06-06,2029.96,1350.45
2014-06-09,2030.5,1326.68
2014-06-10,2052.53,1353.87
2014-06-11,2054.95,1367.39
2014-06-12,2051.71,1363.74
2014-06-13,2070.72,1382.73
2014-06-16,2085.98,1395.61
2014-06-17,2066.7,1377.43
2014-06-18,2055.52,1363.99
2014-06-19,2023.73,1320.66
2014-06-20,2026.67,1333.98
2014-06-23,2024.36,1361.28
2014-06-24,2033.93,1369.44
2014-06-25,2025.5,1358.71
2014-06-26,2038.68,1386.27
2014-06-27,2036.51,1388.81
2014-06-30,2048.33,1404.71
2014-07-01,2050.38,1411.74
2014-07-02,2059.42,1419.94
2014-07-03,2063.23,1422.6
2014-07-04,2059.38,1411.64
2014-07-07,2059.93,1393.89
2014-07-08,2064.02,1410.72
2014-07-09,2038.61,1384.58
2014-07-10,2038.34,1363.88
2014-07-11,2046.96,1359.34
2014-07-14,2066.65,1367.07
2014-07-15,2070.36,1341.27
2014-07-16,2067.28,1318.61
2014-07-17,2055.59,1312.81
2014-07-18,2059.07,1305.92
2014-07-21,2054.48,1306.96
2014-07-22,2075.48,1329.35
2014-07-23,2078.49,1293.09
2014-07-24,2105.06,1271.88
2014-07-25,2126.61,1285.77
2014-07-28,2177.95,1314.53
2014-07-29,2183.19,1331.76
2014-07-30,2181.24,1342.74
2014-07-31,2201.56,1344.54
2014-08-01,2185.3,1325.94
2014-08-04,2223.33,1329.82
2014-08-05,2219.95,1360.69
2014-08-06,2217.47,1365.74
2014-08-07,2187.67,1362.03
2014-08-08,2194.43,1377.44
2014-08-11,2224.65,1397.78
2014-08-12,2221.59,1396.44
2014-08-13,2222.88,1384.31
2014-08-14,2206.47,1380.3
2014-08-15,2226.73,1392.45
2014-08-18,2239.47,1428.74
2014-08-19,2245.33,1436.4
2014-08-20,2240.21,1427.4
2014-08-21,2230.46,1447.88
2014-08-22,2240.81,1461.72
2014-08-25,2229.27,1443.81
2014-08-26,2207.11,1411.15
2014-08-27,2209.47,1420.54
2014-08-28,2195.82,1403.8
2014-08-29,2217.2,1424.47
2014-09-01,2235.51,1452.84
2014-09-02,2266.05,1465.03
2014-09-03,2288.63,1477.67
2014-09-04,2306.86,1495.51
2014-09-05,2326.43,1489.83
2014-09-09,2326.53,1494.02
2014-09-10,2318.3,1504.91
2014-09-11,2311.68,1513.01
2014-09-12,2331.95,1524.12
2014-09-15,2339.14,1526.14
2014-09-16,2296.55,1473.13
2014-09-17,2307.89,1479.12
2014-09-18,2315.93,1490.79
2014-09-19,2329.45,1499.12
2014-09-22,2289.87,1483.35
2014-09-23,2309.72,1500.99
2014-09-24,2343.57,1517.42
2014-09-25,2345.1,1508.42
2014-09-26,2347.72,1511.36
2014-09-29,2357.71,1526.18
2014-09-30,2363.87,1540.87
2014-10-08,2382.79,1557.57
2014-10-09,2389.37,1561.17
2014-10-10,2374.54,1554.22
2014-10-13,2366.01,1548.33
2014-10-14,2359.48,1539.12
2014-10-15,2373.67,1545.62
2014-10-16,2356.5,1526.56
2014-10-17,2341.18,1511.05
2014-10-20,2356.73,1532.38
2014-10-21,2339.66,1517.48
2014-10-22,2326.55,1504.55
2014-10-23,2302.42,1477.84
2014-10-24,2302.28,1477.59
2014-10-27,2290.44,1492.01
2014-10-28,2337.87,1522.05
2014-10-29,2373.03,1530.08
2014-10-30,2391.08,1525.77
2014-10-31,2420.18,1513.27
2014-11-03,2430.03,1529.89
2014-11-04,2430.68,1516.4
2014-11-05,2419.25,1512.49
2014-11-06,2425.86,1532.52
2014-11-07,2418.17,1522.62
2014-11-10,2473.67,1514.82
2014-11-11,2469.67,1461.51
2014-11-12,2494.48,1475.75
2014-11-13,2485.61,1442.86
2014-11-14,2478.82,1441.21
2014-11-17,2474.01,1471.69
2014-11-18,2456.37,1481.86
2014-11-19,2450.99,1505.55
2014-11-20,2452.66,1494.59
2014-11-21,2486.79,1504.83
2014-11-24,2532.88,1507.81
2014-11-25,2567.6,1541.92
2014-11-26,2604.34,1554.22
2014-11-27,2630.49,1563.41
2014-11-28,2682.83,1570.85
2014-12-01,2680.16,1552.31
2014-12-02,2763.54,1565.42
2014-12-03,2779.52,1604.45
2014-12-04,2899.46,1621.84
2014-12-05,2937.65,1581.91
2014-12-08,3020.26,1567.16
2014-12-09,2856.27,1504.62
2014-12-10,2940.01,1572.69
2014-12-11,2925.74,1587.67
2014-12-12,2938.17,1623.57
2014-12-15,2953.42,1657.5
2014-12-16,3021.52,1649.58
2014-12-17,3061.02,1644.21
2014-12-18,3057.52,1634.05
2014-12-19,3108.6,1596.81
2014-12-22,3127.45,1517.93
2014-12-23,3032.61,1496.53
2014-12-24,2972.53,1519.8
2014-12-25,3072.54,1529.47
2014-12-26,3157.6,1536.08
2014-12-29,3168.02,1499.4
2014-12-30,3165.81,1460.11
2014-12-31,3234.68,1471.76
2015-01-05,3350.52,1464.77
2015-01-06,3351.45,1539.83
2015-01-07,3373.95,1523.39
2015-01-08,3293.46,1541.89
2015-01-09,3285.41,1553.24
2015-01-12,3229.32,1586.12
2015-01-13,3235.3,1601.17
2015-01-14,3222.44,1588.01
2015-01-15,3336.46,1586.33
2015-01-16,3376.5,1639.56
2015-01-19,3116.35,1630.06
2015-01-20,3173.05,1700.85
2015-01-21,3323.61,1722.58
2015-01-22,3343.34,1744.04
2015-01-23,3351.76,1697.29
2015-01-26,3383.18,1739.79
2015-01-27,3352.96,1743.68
2015-01-28,3305.74,1731.41
2015-01-29,3262.3,1711.37
2015-01-30,3210.36,1680.58
2015-02-02,3128.3,1696.83
2015-02-03,3204.91,1750.91
2015-02-04,3174.13,1757.74
2015-02-05,3136.53,1774.31
2015-02-06,3075.91,1730.97
2015-02-09,3095.12,1708.84
2015-02-10,3141.59,1747.68
2015-02-11,3157.7,1772.84
2015-02-12,3173.42,1788.81
2015-02-13,3203.83,1825.49
2015-02-16,3222.36,1896.63
2015-02-17,3246.91,1894.31
2015-02-25,3228.84,1876.74
2015-02-26,3298.36,1880.39
2015-02-27,3310.3,1928.04
2015-03-02,3336.28,1986.99
2015-03-03,3263.05,1961.74
2015-03-04,3279.53,2009.83
2015-03-05,3248.48,2014.79
2015-03-06,3241.19,1951.4
2015-03-09,3302.41,1994.39
2015-03-10,3286.07,2045.32
2015-03-11,3290.9,2035.83
2015-03-12,3349.32,2018.13
2015-03-13,3372.91,2069.07
2015-03-16,3449.3,2142.67
2015-03-17,3502.85,2137.46
2015-03-18,3577.3,2182.92
2015-03-19,3582.27,2183.88
2015-03-20,3617.32,2213.77
2015-03-23,3687.73,2293.65
2015-03-24,3691.41,2357.97
2015-03-25,3660.73,2385.01
2015-03-26,3682.09,2291.79
2015-03-27,3691.096,2323.819
2015-03-30,3786.57,2290.48
2015-03-31,3747.9,2335.17
2015-04-01,3810.29,2404.91
2015-04-02,3825.78,2475.32
2015-04-03,3863.93,2510.16
2015-04-07,3961.38,2556.7
2015-04-08,3994.81,2488.16
2015-04-09,3957.53,2496.49
2015-04-10,4034.31,2552.83
2015-04-13,4121.71,2577.78
2015-04-14,4135.56,2558.85
2015-04-15,4084.16,2441.74
2015-04-16,4194.82,2484.33
2015-04-17,4287.3,2463.99
2015-04-20,4217.08,2424.85
2015-04-21,4293.62,2566.09
2015-04-22,4398.49,2634.93
2015-04-23,4414.51,2706.19
2015-04-24,4393.69,2734.75
2015-04-27,4527.4,2747.5
2015-04-28,4476.21,2687.97
2015-04-29,4476.62,2797.52
2015-04-30,4441.65,2857.89
2015-05-04,4480.46,2845.25
2015-05-05,4298.71,2783.44
2015-05-06,4229.27,2846.56
2015-05-07,4112.21,2806.05
2015-05-08,4205.92,2973.6
2015-05-11,4333.58,3146.83
2015-05-12,4401.22,3250.3
2015-05-13,4375.76,3192.15
2015-05-14,4378.31,3141.59
2015-05-15,4308.69,3145.33
2015-05-18,4283.49,3278.48
2015-05-19,4417.55,3322.77
2015-05-20,4446.29,3406.28
2015-05-21,4529.42,3527.41
2015-05-22,4657.6,3516.63
2015-05-25,4813.8,3467.92
2015-05-26,4910.9,3618.23
2015-05-27,4941.71,3628.67
2015-05-28,4620.27,3432.98
2015-05-29,4611.74,3542.84
2015-06-01,4828.74,3718.75
2015-06-02,4910.53,3901.54
2015-06-03,4909.98,3982.25
2015-06-04,4947.1,3943.47
2015-06-05,5023.1,3885.83
2015-06-08,5131.88,3704.55
2015-06-09,5113.53,3705.54
2015-06-10,5106.04,3834.7
2015-06-11,5121.59,3862.14
2015-06-12,5166.35,3899.71
2015-06-15,5062.99,3696.03
2015-06-16,4887.43,3590.67
2015-06-17,4967.9,3741.36
2015-06-18,4785.36,3504.55
2015-06-19,4478.36,3314.98
2015-06-23,4576.49,3393.94
2015-06-24,4690.15,3383.4
2015-06-25,4527.78,3206.38
2015-06-26,4192.87,2920.7
2015-06-29,4053.03,2689.76
2015-06-30,4277.22,2858.61
2015-07-01,4053.7,2759.41
2015-07-02,3912.77,2649.32
2015-07-03,3686.92,2605.28
2015-07-06,3775.91,2493.83
2015-07-07,3727.12,2352.01
2015-07-08,3507.19,2364.05
2015-07-09,3709.33,2435.75
2015-07-10,3877.8,2535.89
2015-07-13,3970.39,2683.07
2015-07-14,3924.49,2726.05
2015-07-15,3805.7,2590.03
2015-07-16,3823.18,2627.08
2015-07-17,3957.35,2783.32
2015-07-20,3992.11,2848.3
2015-07-21,4017.68,2882.9
2015-07-22,4026.04,2897.37
2015-07-23,4123.92,2967.95
2015-07-24,4070.91,2897.82
2015-07-27,3725.56,2683.45
2015-07-28,3663.0,2581.96
2015-07-29,3789.17,2693.86
2015-07-30,3705.77,2561.19
2015-07-31,3663.73,2539.84
2015-08-03,3622.91,2399.27
2015-08-04,3756.54,2546.16
2015-08-05,3694.57,2502.04
2015-08-06,3661.54,2480.93
2015-08-07,3744.21,2576.99
2015-08-10,3928.42,2706.72
2015-08-11,3927.91,2698.91
2015-08-12,3886.32,2622.19
2015-08-13,3954.56,2684.26
2015-08-14,3965.33,2674.02
2015-08-17,3993.67,2666.29
2015-08-18,3748.16,2504.17
2015-08-19,3794.11,2570.69
2015-08-20,3664.29,2508.82
2015-08-21,3507.74,2341.95
2015-08-24,3209.91,2152.61
2015-08-25,2964.97,1990.71
2015-08-26,2927.29,1890.04
2015-08-27,3083.59,1959.49
2015-08-28,3232.35,2082.12
2015-08-31,3205.99,1996.86
2015-09-01,3166.62,1889.49
2015-09-02,3160.17,1855.03
2015-09-07,3080.42,1893.52
2015-09-08,3170.45,2001.16
2015-09-09,3243.09,2071.72
2015-09-10,3197.89,2039.12
2015-09-11,3200.23,2060.5
2015-09-14,3114.8,1906.21
2015-09-15,3005.17,1797.56
2015-09-16,3152.26,1926.24
2015-09-17,3086.06,1933.3
2015-09-18,3097.92,1983.3
2015-09-21,3156.54,2079.06
2015-09-22,3185.62,2078.72
2015-09-23,3115.89,2077.99
2015-09-24,3142.69,2106.59
2015-09-25,3092.35,2020.97
2015-09-28,3100.76,2122.26
2015-09-29,3038.14,2098.57
2015-09-30,3052.78,2082.67
2015-10-08,3143.36,2190.31
2015-10-09,3183.15,2216.66
2015-10-12,3287.66,2316.78
2015-10-13,3293.23,2342.04
2015-10-14,3262.44,2305.0
2015-10-15,3338.07,2404.53
2015-10-16,3391.35,2449.03
2015-10-19,3386.7,2433.6
2015-10-20,3425.33,2511.16
2015-10-21,3320.68,2344.74
2015-10-22,3368.74,2458.14
2015-10-23,3412.43,2538.38
2015-10-26,3429.58,2527.48
2015-10-27,3434.34,2563.96
2015-10-28,3375.2,2485.24
2015-10-29,3387.31,2485.28
2015-10-30,3382.56,2478.28
2015-11-02,3325.08,2432.04
2015-11-03,3316.7,2429.27
2015-11-04,3459.64,2584.32
2015-11-05,3522.82,2564.72
2015-11-06,3590.03,2661.41
2015-11-09,3646.88,2724.62
2015-11-10,3640.49,2746.61
2015-11-11,3650.25,2804.68
2015-11-12,3632.9,2783.3
2015-11-13,3580.84,2710.16
2015-11-16,3606.96,2797.16
2015-11-17,3604.79,2717.05
2015-11-18,3568.47,2661.17
2015-11-19,3617.06,2770.75
2015-11-20,3630.5,2800.15
2015-11-23,3610.31,2770.58
2015-11-24,3616.11,2816.05
2015-11-25,3647.93,2897.57
2015-11-26,3635.55,2833.2
2015-11-27,3436.3,2649.55
2015-11-30,3445.41,2672.58
2015-12-01,3456.31,2655.34
2015-12-02,3536.91,2613.26
2015-12-03,3584.82,2708.12
2015-12-04,3524.99,2692.16
2015-12-07,3536.93,2738.15
2015-12-08,3470.07,2691.66
2015-12-09,3472.44,2667.91
2015-12-10,3455.5,2695.51
2015-12-11,3434.58,2671.29
2015-12-14,3520.67,2709.26
2015-12-15,3510.35,2745.7
2015-12-16,3516.19,2763.11
2015-12-17,3580.0,2835.7
2015-12-18,3578.96,2830.26
2015-12-21,3642.47,2829.92
2015-12-22,3651.77,2839.85
2015-12-23,3636.09,2783.94
2015-12-24,3612.49,2795.78
2015-12-25,3627.91,2794.73
2015-12-28,3533.78,2735.49
2015-12-29,3563.74,2749.82
2015-12-30,3572.88,2779.51
2015-12-31,3539.18,2714.05
2016-01-04,3296.66,2491.27
2016-01-05,3287.71,2416.73
2016-01-06,3361.84,2468.37
2016-01-07,3125.0,2256.52
2016-01-08,3186.41,2248.99
2016-01-11,3016.7,2106.36
2016-01-12,3022.86,2147.53
2016-01-13,2949.6,2059.78
2016-01-14,3007.65,2175.01
2016-01-15,2900.97,2112.9
2016-01-18,2913.84,2174.93
2016-01-19,3007.74,2241.7
2016-01-20,2976.69,2204.65
2016-01-21,2880.48,2112.4
2016-01-22,2916.56,2149.59
2016-01-25,2938.51,2158.82
2016-01-26,2749.79,1994.05
2016-01-27,2735.56,1997.46
2016-01-28,2655.66,1906.46
2016-01-29,2737.6,1994.06
2016-02-01,2688.85,1992.69
2016-02-02,2749.57,2075.29
2016-02-03,2739.25,2090.51
2016-02-04,2781.02,2126.64
2016-02-05,2763.49,2096.99
2016-02-15,2746.2,2116.84
2016-02-16,2836.57,2201.93
2016-02-17,2867.34,2215.34
2016-02-18,2862.89,2190.91
2016-02-19,2860.02,2211.01
2016-02-22,2927.18,2245.56
2016-02-23,2903.33,2218.12
2016-02-24,2928.9,2203.74
2016-02-25,2741.25,2037.14
2016-02-26,2767.21,2014.92
2016-02-29,2687.98,1880.15
2016-03-01,2733.17,1934.92
2016-03-02,2849.68,2017.6
2016-03-03,2859.76,2007.08
2016-03-04,2874.15,1907.04
2016-03-07,2897.34,1953.33
2016-03-08,2901.39,2002.19
2016-03-09,2862.56,1970.81
2016-03-10,2804.73,1936.97
2016-03-11,2810.31,1934.87
2016-03-14,2859.5,2023.13
2016-03-15,2864.37,1996.92
2016-03-16,2870.43,1977.54
2016-03-17,2904.83,2087.29
2016-03-18,2955.15,2177.87
2016-03-21,3018.8,2227.03
2016-03-22,2999.36,2221.7
2016-03-23,3009.96,2259.11
2016-03-24,2960.97,2219.77
2016-03-25,2979.43,2216.09
2016-03-28,2957.82,2199.69
2016-03-29,2919.83,2152.55
2016-03-30,3000.65,2248.78
2016-03-31,3003.92,2238.29
2016-04-01,3009.53,2205.37
2016-04-05,3053.07,2279.52
2016-04-06,3050.59,2297.04
2016-04-07,3008.42,2248.68
2016-04-08,2984.96,2229.93
2016-04-11,3033.96,2283.14
2016-04-12,3023.65,2264.02
2016-04-13,3066.64,2294.01
2016-04-14,3082.36,2324.39
2016-04-15,3078.12,2309.68
2016-04-18,3033.66,2265.59
2016-04-19,3042.82,2272.52
2016-04-20,2972.58,2145.24
2016-04-21,2952.89,2110.16
2016-04-22,2959.24,2136.92
2016-04-25,2946.67,2126.83
2016-04-26,2964.7,2155.7
2016-04-27,2953.67,2146.61
2016-04-28,2945.59,2155.23
2016-04-29,2938.32,2138.74
2016-05-03,2992.64,2217.23
2016-05-04,2991.27,2211.02
2016-05-05,2997.84,2224.09
2016-05-06,2913.25,2129.19
2016-05-09,2832.11,2053.6
2016-05-10,2832.59,2054.22
2016-05-11,2837.04,2034.93
2016-05-12,2835.86,2034.56
2016-05-13,2827.11,2025.22
2016-05-16,2850.86,2057.86
2016-05-17,2843.68,2081.44
2016-05-18,2807.51,2020.47
2016-05-19,2806.91,2037.4
2016-05-20,2825.48,2065.3
2016-05-23,2843.65,2098.23
2016-05-24,2821.67,2075.51
2016-05-25,2815.09,2067.25
2016-05-26,2822.44,2086.01
2016-05-27,2821.05,2069.89
2016-05-30,2822.45,2058.52
2016-05-31,2916.62,2159.8
2016-06-01,2913.51,2168.82
2016-06-02,2925.23,2188.56
2016-06-03,2938.68,2204.97
2016-06-06,2934.1,2199.3
2016-06-07,2936.04,2196.73
2016-06-08,2927.16,2186.54
2016-06-13,2833.07,2054.71
2016-06-14,2842.19,2058.31
2016-06-15,2887.21,2128.8
2016-06-16,2872.82,2101.42
2016-06-17,2885.1,2122.89
2016-06-20,2888.81,2119.63
2016-06-21,2878.56,2092.0
2016-06-22,2905.55,2144.82
2016-06-23,2891.96,2137.49
2016-06-24,2854.29,2127.36
2016-06-27,2895.7,2191.81
2016-06-28,2912.56,2216.71
2016-06-29,2931.59,2209.79
2016-06-30,2929.61,2227.79
2016-07-01,2932.48,2211.18
2016-07-04,2988.6,2248.71
2016-07-05,3006.39,2246.02
2016-07-06,3017.29,2241.56
2016-07-07,3016.85,2233.92
2016-07-08,2988.09,2239.0
2016-07-11,2994.92,2218.59
2016-07-12,3049.38,2247.35
2016-07-13,3060.69,2285.37
2016-07-14,3054.02,2293.08
2016-07-15,3054.3,2263.78
2016-07-18,3043.56,2249.87
2016-07-19,3036.6,2273.72
2016-07-20,3027.9,2268.53
2016-07-21,3039.01,2265.13
2016-07-22,3012.82,2250.0
2016-07-25,3015.83,2245.89
2016-07-26,3050.17,2279.55
2016-07-27,2992.0,2155.39
2016-07-28,2994.32,2139.74
2016-07-29,2979.34,2122.41
2016-08-01,2953.39,2099.18
2016-08-02,2971.28,2113.21
2016-08-03,2978.46,2108.31
2016-08-04,2982.43,2129.65
2016-08-05,2976.7,2109.05
2016-08-08,3004.28,2130.59
2016-08-09,3025.68,2154.5
2016-08-10,3018.75,2137.0
2016-08-11,3002.64,2103.4
2016-08-12,3050.67,2123.84
2016-08-15,3125.2,2193.21
2016-08-16,3110.04,2201.1
2016-08-17,3109.55,2208.2
2016-08-18,3104.11,2201.59
2016-08-19,3108.1,2204.56
2016-08-22,3084.81,2167.4
2016-08-23,3089.71,2174.16
2016-08-24,3085.88,2192.17
2016-08-25,3068.33,2180.66
2016-08-26,3070.31,2189.75
2016-08-29,3070.03,2193.2
2016-08-30,3074.68,2195.53
2016-08-31,3085.49,2191.76
2016-09-01,3063.31,2181.33
2016-09-02,3067.35,2170.86
2016-09-05,3072.1,2182.69
2016-09-06,3090.71,2222.84
2016-09-07,3091.93,2212.05
2016-09-08,3095.95,2223.47
2016-09-09,3078.85,2202.97
2016-09-12,3021.98,2145.56
2016-09-13,3023.51,2145.87
2016-09-14,3002.85,2144.56
2016-09-19,3026.05,2165.21
2016-09-20,3023.0,2158.43
2016-09-21,3025.87,2162.13
2016-09-22,3042.31,2168.42
2016-09-23,3033.9,2156.51
2016-09-26,2980.43,2122.9
2016-09-27,2998.17,2140.8
2016-09-28,2987.86,2139.63
2016-09-29,2998.48,2146.18
2016-09-30,3004.7,2149.9
2016-10-10,3048.14,2208.47
2016-10-11,3065.25,2210.86
2016-10-12,3058.5,2209.69
2016-10-13,3061.35,2208.57
2016-10-14,3063.81,2194.23
2016-10-17,3041.17,2167.86
2016-10-18,3083.88,2198.14
2016-10-19,3084.72,2184.91
2016-10-20,3084.46,2193.26
2016-10-21,3090.94,2181.0
2016-10-24,3128.25,2200.8
2016-10-25,3131.94,2200.21
2016-10-26,3116.31,2184.49
2016-10-27,3112.35,2182.48
2016-10-28,3104.27,2165.43
2016-10-31,3100.49,2159.76
2016-11-01,3122.44,2176.45
2016-11-02,3102.73,2146.4
2016-11-03,3128.94,2153.18
2016-11-04,3125.32,2145.23
2016-11-07,3133.33,2130.3
2016-11-08,3147.89,2150.3
2016-11-09,3128.37,2123.84
2016-11-10,3171.28,2143.32
2016-11-11,3196.04,2147.11
2016-11-14,3210.37,2161.69
2016-11-15,3206.99,2179.3
2016-11-16,3205.06,2182.47
2016-11-17,3208.45,2163.04
2016-11-18,3192.86,2157.96
2016-11-21,3218.15,2152.6
2016-11-22,3248.35,2177.65
2016-11-23,3241.14,2165.71
2016-11-24,3241.74,2146.63
2016-11-25,3261.94,2167.53
2016-11-28,3277.0,2166.04
2016-11-29,3282.92,2160.35
2016-11-30,3250.03,2183.05
2016-12-01,3273.31,2181.93
2016-12-02,3243.84,2143.45
2016-12-05,3204.71,2143.88
2016-12-06,3199.65,2122.26
2016-12-07,3222.24,2134.99
2016-12-08,3215.37,2114.71
2016-12-09,3232.88,2099.89
2016-12-12,3152.97,1984.39
2016-12-13,3155.04,1985.04
2016-12-14,3140.53,1963.08
2016-12-15,3117.68,1975.85
2016-12-16,3122.98,1998.11
2016-12-19,3118.08,1980.41
2016-12-20,3102.88,1982.3
2016-12-21,3137.43,1991.7
2016-12-22,3139.56,1986.27
2016-12-23,3110.15,1964.54
2016-12-26,3122.57,1974.01
2016-12-27,3114.66,1968.62
2016-12-28,3102.24,1957.15
2016-12-29,3096.1,1959.24
2016-12-30,3103.64,1962.06
2017-01-03,3135.92,1963.26
2017-01-04,3158.79,1991.57
2017-01-05,3165.41,1983.97
2017-01-06,3154.32,1965.03
2017-01-09,3171.24,1961.62
2017-01-10,3161.67,1951.68
2017-01-11,3136.75,1937.55
2017-01-12,3119.29,1930.14
2017-01-13,3112.76,1899.94
2017-01-16,3103.43,1830.85
2017-01-17,3108.77,1867.87
2017-01-18,3113.01,1845.79
2017-01-19,3101.3,1844.14
2017-01-20,3123.14,1880.75
2017-01-23,3136.77,1887.32
2017-01-24,3142.55,1861.22
2017-01-25,3149.55,1870.7
2017-01-26,3159.17,1886.23
2017-02-03,3140.17,1876.76
2017-02-06,3156.98,1900.45
2017-02-07,3153.09,1889.13
2017-02-08,3166.98,1903.63
2017-02-09,3183.18,1914.08
2017-02-10,3196.7,1904.68
2017-02-13,3216.84,1913.68
2017-02-14,3217.93,1909.4
2017-02-15,3212.99,1892.36
2017-02-16,3229.62,1897.63
2017-02-17,3202.08,1882.87
2017-02-20,3239.96,1894.96
2017-02-21,3253.33,1921.08
2017-02-22,3261.22,1919.97
2017-02-23,3251.38,1925.95
2017-02-24,3253.43,1938.44
2017-02-27,3228.66,1926.77
2017-02-28,3241.73,1927.16
2017-03-01,3246.93,1931.97
2017-03-02,3230.03,1920.4
2017-03-03,3218.31,1928.29
2017-03-06,3233.87,1962.77
2017-03-07,3242.41,1977.85
2017-03-08,3240.66,1964.63
2017-03-09,3216.75,1953.94
2017-03-10,3212.76,1950.01
2017-03-13,3237.02,1970.88
2017-03-14,3239.33,1958.02
2017-03-15,3241.76,1957.82
2017-03-16,3268.94,1966.73
2017-03-17,3237.45,1949.66
2017-03-20,3250.81,1953.82
2017-03-21,3261.61,1961.06
2017-03-22,3245.22,1948.58
2017-03-23,3248.55,1948.37
2017-03-24,3269.45,1965.14
2017-03-27,3266.96,1947.53
2017-03-28,3252.95,1944.36
2017-03-29,3241.31,1929.2
2017-03-30,3210.24,1893.7
2017-03-31,3222.51,1907.34
2017-04-05,3270.31,1943.16
2017-04-06,3281.0,1944.23
2017-04-07,3286.62,1946.05
2017-04-10,3269.39,1912.45
2017-04-11,3288.97,1917.63
2017-04-12,3273.83,1897.51
2017-04-13,3275.96,1910.48
2017-04-14,3246.07,1887.46
2017-04-17,3222.17,1868.28
2017-04-18,3196.71,1848.2
2017-04-19,3170.69,1845.38
2017-04-20,3172.1,1850.39
2017-04-21,3173.15,1839.01
2017-04-24,3129.53,1809.91
2017-04-25,3134.57,1818.87
2017-04-26,3140.85,1820.48
2017-04-27,3152.19,1842.92
2017-04-28,3154.66,1850.73
2017-05-02,3143.71,1850.85
2017-05-03,3135.35,1840.45
2017-05-04,3127.37,1838.1
2017-05-05,3103.04,1818.19
2017-05-08,3078.61,1788.71
2017-05-09,3080.53,1802.49
2017-05-10,3052.78,1771.32
2017-05-11,3061.5,1772.41
2017-05-12,3083.51,1774.63
2017-05-15,3090.23,1778.64
2017-05-16,3112.96,1814.94
2017-05-17,3104.44,1822.64
2017-05-18,3090.14,1813.51
2017-05-19,3090.63,1801.08
2017-05-22,3075.68,1788.08
2017-05-23,3061.95,1758.23
2017-05-24,3064.08,1776.28
2017-05-25,3107.83,1777.69
2017-05-26,3110.06,1759.63
2017-05-31,3117.18,1763.73
2017-06-01,3102.62,1728.49
2017-06-02,3105.54,1745.93
2017-06-05,3091.66,1761.25
2017-06-06,3102.13,1766.39
2017-06-07,3140.32,1799.85
2017-06-08,3150.33,1794.75
2017-06-09,3158.4,1796.13
2017-06-12,3139.88,1775.55
2017-06-13,3153.74,1795.63
2017-06-14,3130.67,1790.64
2017-06-15,3132.49,1816.26
2017-06-16,3123.17,1810.05
2017-06-19,3144.37,1816.4
2017-06-20,3140.01,1820.98
2017-06-21,3156.21,1824.69
2017-06-22,3147.45,1798.38
2017-06-23,3157.87,1807.43
2017-06-26,3185.44,1821.28
2017-06-27,3191.2,1819.93
2017-06-28,3173.2,1808.2
2017-06-29,3188.06,1813.55
2017-06-30,3192.43,1818.07
2017-07-03,3195.91,1835.99
2017-07-04,3182.8,1829.51
2017-07-05,3207.13,1836.63
2017-07-06,3212.44,1839.0
2017-07-07,3217.96,1835.44
2017-07-10,3212.63,1803.25
2017-07-11,3203.04,1783.91
2017-07-12,3197.54,1786.75
2017-07-13,3218.16,1778.86
2017-07-14,3222.42,1745.57
2017-07-17,3176.46,1656.43
2017-07-18,3187.57,1667.49
2017-07-19,3230.98,1684.77
2017-07-20,3244.86,1688.61
2017-07-21,3237.98,1690.15
2017-07-24,3250.6,1686.44
2017-07-25,3243.69,1688.09
2017-07-26,3247.67,1681.31
2017-07-27,3249.78,1742.19
2017-07-28,3253.24,1734.07
2017-07-31,3273.03,1736.3
2017-08-01,3292.64,1741.07
2017-08-02,3285.06,1724.83
2017-08-03,3272.93,1733.12
2017-08-04,3262.08,1719.62
2017-08-07,3279.46,1732.43
2017-08-08,3281.87,1762.42
2017-08-09,3275.57,1763.05
2017-08-10,3261.75,1753.67
2017-08-11,3208.54,1742.14
2017-08-14,3237.36,1793.48
2017-08-15,3251.26,1798.57
2017-08-16,3246.45,1825.19
2017-08-17,3268.43,1833.4
2017-08-18,3268.72,1821.8
2017-08-21,3286.91,1829.22
2017-08-22,3290.23,1814.92
2017-08-23,3287.7,1807.37
2017-08-24,3271.51,1795.74
2017-08-25,3331.52,1812.88
2017-08-28,3362.65,1842.83
2017-08-29,3365.23,1831.59
2017-08-30,3363.63,1838.63
2017-08-31,3360.81,1849.38
2017-09-01,3367.12,1865.25
2017-09-04,3379.58,1883.62
2017-09-05,3384.32,1885.16
2017-09-06,3385.39,1902.86
2017-09-07,3365.5,1890.38
2017-09-08,3365.24,1885.27
2017-09-11,3376.42,1896.38
2017-09-12,3379.49,1884.48
2017-09-13,3384.15,1888.43
2017-09-14,3371.43,1879.25
2017-09-15,3353.62,1875.63
2017-09-18,3362.86,1894.8
2017-09-19,3356.84,1880.3
2017-09-20,3366.0,1892.67
2017-09-21,3357.81,1872.77
2017-09-22,3352.53,1866.42
2017-09-25,3341.55,1843.62
2017-09-26,3343.58,1839.46
2017-09-27,3345.27,1854.94
2017-09-28,3339.64,1854.73
2017-09-29,3348.94,1866.98
2017-10-09,3374.38,1889.84
2017-10-10,3382.99,1917.46
2017-10-11,3388.28,1901.55
2017-10-12,3386.1,1899.99
2017-10-13,3390.52,1926.07
2017-10-16,3378.47,1882.69
2017-10-17,3372.04,1876.99
2017-10-18,3381.79,1868.16
2017-10-19,3370.17,1862.61
2017-10-20,3378.65,1880.21
2017-10-23,3380.7,1898.76
2017-10-24,3388.25,1901.69
2017-10-25,3396.9,1913.26
2017-10-26,3407.57,1910.72
2017-10-27,3416.81,1896.22
2017-10-30,3390.34,1855.99
2017-10-31,3393.34,1869.79
2017-11-01,3395.91,1872.75
2017-11-02,3383.31,1847.56
2017-11-03,3371.74,1832.97
2017-11-06,3388.17,1850.3
2017-11-07,3413.57,1859.07
2017-11-08,3415.46,1866.14
2017-11-09,3427.79,1884.11
2017-11-10,3432.67,1900.63
2017-11-13,3447.84,1906.44
2017-11-14,3429.55,1896.72
2017-11-15,3402.52,1868.08
2017-11-16,3399.25,1878.26
2017-11-17,3382.91,1833.9
2017-11-20,3392.4,1859.75
2017-11-21,3410.5,1856.96
2017-11-22,3430.46,1853.38
2017-11-23,3351.92,1794.78
2017-11-24,3353.82,1782.66
2017-11-27,3322.23,1760.9
2017-11-28,3333.66,1793.87
2017-11-29,3337.86,1787.38
2017-11-30,3317.19,1770.3
2017-12-01,3317.62,1804.62
2017-12-04,3309.62,1797.77
2017-12-05,3303.68,1758.59
2017-12-06,3293.96,1784.31
2017-12-07,3272.05,1776.99
2017-12-08,3289.99,1792.16
2017-12-11,3322.2,1816.98
2017-12-12,3280.81,1798.69
2017-12-13,3303.04,1806.09
2017-12-14,3292.44,1794.34
2017-12-15,3266.14,1783.97
2017-12-18,3267.92,1780.64
2017-12-19,3296.54,1798.5
2017-12-20,3287.61,1782.41
2017-12-21,3300.06,1789.74
2017-12-22,3297.06,1779.34
2017-12-25,3280.46,1755.81
2017-12-26,3306.12,1758.82
2017-12-27,3275.78,1745.24
2017-12-28,3296.38,1745.02
2017-12-29,3307.17,1752.65
2018-01-02,3348.33,1769.67
2018-01-03,3369.11,1795.38
2018-01-04,3385.71,1794.61
2018-01-05,3391.75,1801.42
2018-01-08,3409.48,1806.16
2018-01-09,3413.9,1803.59
2018-01-10,3421.83,1791.08
2018-01-11,3425.34,1804.23
2018-01-12,3428.94,1785.7
2018-01-15,3410.49,1732.62
2018-01-16,3436.59,1729.6
2018-01-17,3444.67,1742.03
2018-01-18,3474.75,1738.0
2018-01-19,3487.86,1728.14
2018-01-22,3501.36,1768.21
2018-01-23,3546.5,1767.83
2018-01-24,3559.47,1813.28
2018-01-25,3548.31,1810.83
2018-01-26,3558.13,1816.8
2018-01-29,3523.0,1799.77
2018-01-30,3488.01,1782.4
2018-01-31,3480.83,1735.06
2018-02-01,3446.98,1697.39
2018-02-02,3462.08,1702.43
2018-02-05,3487.5,1688.27
2018-02-06,3370.65,1598.12
2018-02-07,3309.26,1616.4
2018-02-08,3262.05,1641.43
2018-02-09,3129.85,1592.51
2018-02-12,3154.13,1648.07
2018-02-13,3184.96,1648.58
2018-02-14,3199.16,1646.77
2018-02-22,3268.56,1677.76
2018-02-23,3289.02,1668.83
2018-02-26,3329.57,1729.15
2018-02-27,3292.07,1743.54
2018-02-28,3259.41,1753.63
2018-03-01,3273.75,1789.85
2018-03-02,3254.53,1772.01
2018-03-05,3256.93,1795.69
2018-03-06,3289.64,1797.61
2018-03-07,3271.67,1785.27
2018-03-08,3288.41,1793.22
2018-03-09,3307.17,1856.46
2018-03-12,3326.7,1882.41
2018-03-13,3310.24,1872.68
2018-03-14,3291.38,1841.29
2018-03-15,3291.11,1848.71
2018-03-16,3269.88,1821.32
2018-03-19,3279.25,1842.92
2018-03-20,3290.64,1864.62
2018-03-21,3280.95,1829.91
2018-03-22,3263.48,1817.23
2018-03-23,3152.76,1726.02
2018-03-26,3133.72,1780.61
2018-03-27,3166.65,1844.69
2018-03-28,3122.29,1835.15
2018-03-29,3160.53,1842.19
2018-03-30,3168.9,1900.48
2018-04-02,3163.18,1900.25
2018-04-03,3136.63,1872.47
2018-04-04,3131.11,1836.81
2018-04-09,3138.29,1841.65
2018-04-10,3190.32,1835.52
2018-04-11,3208.08,1834.63
2018-04-12,3180.16,1826.89
2018-04-13,3159.05,1824.59
2018-04-16,3110.65,1838.71
2018-04-17,3066.8,1783.74
2018-04-18,3091.4,1822.26
2018-04-19,3117.38,1820.28
2018-04-20,3071.54,1782.81
2018-04-23,3068.01,1753.05
2018-04-24,3128.93,1806.86
2018-04-25,3117.97,1819.41
2018-04-26,3075.03,1781.28
2018-04-27,3082.23,1805.6
2018-05-02,3081.18,1801.57
2018-05-03,3100.86,1826.79
2018-05-04,3091.03,1814.85
2018-05-07,3136.64,1852.34
2018-05-08,3161.5,1856.87
2018-05-09,3159.15,1855.81
2018-05-10,3174.41,1865.36
2018-05-11,3163.26,1834.78
2018-05-14,3174.03,1830.98
2018-05-15,3192.12,1858.01
2018-05-16,3169.57,1846.67
2018-05-17,3154.28,1831.2
2018-05-18,3193.3,1836.75
2018-05-21,3213.84,1862.48
2018-05-22,3214.35,1876.0
2018-05-23,3168.96,1845.97
2018-05-24,3154.65,1838.4
2018-05-25,3141.3,1804.55
2018-05-28,3135.08,1796.91
2018-05-29,3120.46,1773.65
2018-05-30,3041.44,1726.22
2018-05-31,3095.47,1743.74
2018-06-01,3075.14,1709.55
2018-06-04,3091.19,1702.93
2018-06-05,3114.21,1746.11
2018-06-06,3115.18,1743.25
2018-06-07,3109.5,1730.38
2018-06-08,3067.15,1711.52
2018-06-11,3052.78,1688.62
2018-06-12,3079.8,1712.77
2018-06-13,3049.8,1685.89
2018-06-14,3044.16,1673.32
2018-06-15,3021.9,1641.66
2018-06-19,2907.82,1547.15
2018-06-20,2915.73,1563.79
2018-06-21,2875.81,1521.68
2018-06-22,2889.76,1549.66
2018-06-25,2859.34,1538.56
2018-06-26,2844.51,1564.92
2018-06-27,2813.18,1546.23
2018-06-28,2786.9,1543.66
2018-06-29,2847.42,1606.71
2018-07-02,2775.56,1588.37
2018-07-03,2786.89,1607.12
2018-07-04,2759.13,1565.61
2018-07-05,2733.88,1532.68
2018-07-06,2747.23,1541.31
2018-07-09,2815.11,1581.93
2018-07-10,2827.63,1592.98
2018-07-11,2777.77,1563.01
2018-07-12,2837.66,1614.63
2018-07-13,2831.18,1618.46
2018-07-16,2814.04,1616.91
2018-07-17,2798.13,1621.63
2018-07-18,2787.26,1607.88
2018-07-19,2772.55,1590.06
2018-07-20,2829.27,1609.55
2018-07-23,2859.54,1620.97
2018-07-24,2905.56,1629.61
2018-07-25,2903.65,1632.32
2018-07-26,2882.23,1606.12
2018-07-27,2873.59,1594.57
2018-07-30,2869.05,1559.64
2018-07-31,2876.4,1561.26
2018-08-01,2824.53,1541.86
2018-08-02,2768.02,1510.09
2018-08-03,2740.44,1481.61
2018-08-06,2705.16,1440.8
2018-08-07,2779.37,1479.44
2018-08-08,2744.07,1447.76
2018-08-09,2794.38,1497.61
2018-08-10,2795.31,1511.71
2018-08-13,2785.87,1531.34
2018-08-14,2780.96,1518.49
2018-08-15,2723.26,1478.51
2018-08-16,2705.19,1463.87
2018-08-17,2668.97,1434.31
2018-08-20,2698.47,1435.69
2018-08-21,2733.83,1456.97
2018-08-22,2714.61,1439.55
2018-08-23,2724.62,1455.5
2018-08-24,2729.43,1450.09
2018-08-27,2780.9,1493.43
2018-08-28,2777.98,1493.11
2018-08-29,2769.29,1481.19
2018-08-30,2737.74,1457.92
2018-08-31,2725.25,1435.2
2018-09-03,2720.73,1443.69
2018-09-04,2750.58,1455.5
2018-09-05,2704.34,1430.24
2018-09-06,2691.59,1422.87
2018-09-07,2702.3,1425.23
2018-09-10,2669.48,1390.82
2018-09-11,2664.8,1395.17
2018-09-12,2656.11,1385.8
2018-09-13,2686.58,1391.28
2018-09-14,2681.64,1366.57
2018-09-17,2651.79,1349.78
2018-09-18,2699.95,1377.3
2018-09-19,2730.85,1392.4
2018-09-20,2729.24,1387.62
2018-09-21,2797.48,1411.12
2018-09-25,2781.14,1405.81
2018-09-26,2806.81,1420.75
2018-09-27,2791.77,1400.36
2018-09-28,2821.35,1411.34
2018-10-08,2716.51,1353.67
2018-10-09,2721.01,1345.95
2018-10-10,2725.84,1346.7
2018-10-11,2583.46,1261.88
2018-10-12,2606.91,1268.41
2018-10-15,2568.1,1250.22
2018-10-16,2546.33,1216.69
2018-10-17,2561.61,1231.86
2018-10-18,2486.42,1205.03
2018-10-19,2550.47,1249.89
2018-10-22,2654.88,1314.94
2018-10-23,2594.83,1292.06
2018-10-24,2603.3,1284.1
2018-10-25,2603.8,1273.6
2018-10-26,2598.85,1263.19
2018-10-29,2542.1,1250.48
2018-10-30,2568.05,1259.95
2018-10-31,2602.78,1275.57
2018-11-01,2606.24,1286.33
2018-11-02,2676.48,1348.28
2018-11-05,2665.43,1348.88
2018-11-06,2659.36,1349.11
2018-11-07,2641.34,1345.77
2018-11-08,2635.63,1329.59
2018-11-09,2598.87,1322.83
2018-11-12,2630.52,1368.79
2018-11-13,2654.88,1392.05
2018-11-14,2632.24,1385.73
2018-11-15,2668.17,1405.25
2018-11-16,2679.11,1403.28
2018-11-19,2703.51,1394.4
2018-11-20,2645.85,1355.33
2018-11-21,2651.51,1363.03
2018-11-22,2645.43,1353.92
2018-11-23,2579.48,1308.74
2018-11-26,2575.81,1304.56
2018-11-27,2574.68,1315.43
2018-11-28,2601.74,1341.08
2018-11-29,2567.44,1312.72
2018-11-30,2588.19,1329.39
2018-12-03,2654.8,1372.79
2018-12-04,2665.96,1378.75
2018-12-05,2649.81,1381.77
2018-12-06,2605.18,1345.76
2018-12-07,2605.89,1341.02
2018-12-10,2584.58,1326.85
2018-12-11,2594.09,1338.08
2018-12-12,2602.15,1338.73
2018-12-13,2634.05,1348.5
2018-12-14,2593.74,1310.46
2018-12-17,2597.97,1299.17
2018-12-18,2576.65,1293.34
2018-12-19,2549.56,1268.81
2018-12-20,2536.27,1278.16
2018-12-21,2516.25,1270.3
2018-12-24,2527.01,1284.33
2018-12-25,2504.82,1273.45
2018-12-26,2498.29,1264.07
2018-12-27,2483.09,1248.08
2018-12-28,2493.9,1250.53
2019-01-02,2465.29,1228.77
2019-01-03,2464.36,1214.5
2019-01-04,2514.87,1245.16
2019-01-07,2533.09,1268.06
2019-01-08,2526.46,1263.51
2019-01-09,2544.34,1262.52
2019-01-10,2535.1,1258.99
2019-01-11,2553.83,1261.56
2019-01-14,2535.77,1246.0
2019-01-15,2570.34,1266.27
2019-01-16,2570.42,1267.3
2019-01-17,2559.64,1251.41
2019-01-18,2596.01,1269.5
2019-01-21,2610.51,1274.79
2019-01-22,2579.7,1252.24
2019-01-23,2581.0,1251.13
2019-01-24,2591.69,1265.16
2019-01-25,2601.72,1265.49
2019-01-28,2596.98,1259.74
2019-01-29,2594.25,1243.59
2019-01-30,2575.58,1230.82
2019-01-31,2584.57,1227.99
2019-02-01,2618.23,1271.27
2019-02-11,2653.9,1316.1
2019-02-12,2671.89,1332.27
2019-02-13,2721.07,1357.67
2019-02-14,2719.7,1361.94
2019-02-15,2682.39,1357.84
2019-02-18,2754.36,1413.6
2019-02-19,2755.65,1406.04
2019-02-20,2761.22,1408.38
2019-02-21,2751.8,1412.54
2019-02-22,2804.23,1456.3
2019-02-25,2961.28,1536.37
2019-02-26,2941.52,1546.99
2019-02-27,2953.82,1520.42
2019-02-28,2940.95,1535.68
2019-03-01,2994.0,1567.87
2019-03-04,3027.58,1619.71
2019-03-05,3054.25,1676.57
2019-03-06,3102.1,1700.5
2019-03-07,3106.42,1692.42
2019-03-08,2969.86,1654.49
2019-03-11,3026.99,1727.8
2019-03-12,3060.31,1773.43
2019-03-13,3026.95,1693.86
2019-03-14,2990.69,1650.19
2019-03-15,3021.75,1662.62
2019-03-18,3096.42,1707.06
2019-03-19,3090.98,1708.87
2019-03-20,3090.64,1687.9
2019-03-21,3101.46,1703.85
2019-03-22,3104.15,1693.87
2019-03-25,3043.03,1668.84
2019-03-26,2997.1,1630.19
2019-03-27,3022.72,1637.77
2019-03-28,2994.94,1626.82
2019-03-29,3090.76,1693.55
2019-04-01,3170.36,1760.89
2019-04-02,3176.82,1754.16
2019-04-03,3216.3,1768.18
2019-04-04,3246.57,1777.26
2019-04-08,3244.81,1739.66
2019-04-09,3239.66,1741.17
2019-04-10,3241.93,1726.64
2019-04-11,3189.96,1691.1
2019-04-12,3188.63,1695.73
2019-04-15,3177.79,1666.9
2019-04-16,3253.6,1697.53
2019-04-17,3263.12,1717.44
2019-04-18,3250.2,1704.55
2019-04-19,3270.8,1715.8
2019-04-22,3215.04,1697.51
2019-04-23,3198.59,1683.8
2019-04-24,3201.61,1718.85
2019-04-25,3123.83,1669.98
2019-04-26,3086.4,1657.82
2019-04-29,3062.5,1615.62
2019-04-30,3078.34,1623.78
2019-05-06,2906.46,1494.89
2019-05-07,2926.39,1504.16
2019-05-08,2893.76,1481.87
2019-05-09,2850.95,1469.48
2019-05-10,2939.21,1533.87
2019-05-13,2903.71,1503.06
2019-05-14,2883.61,1494.6
2019-05-15,2938.68,1528.69
2019-05-16,2955.71,1533.67
2019-05-17,2882.3,1478.75
2019-05-20,2870.6,1469.31
2019-05-21,2905.97,1493.72
2019-05-22,2891.7,1488.63
2019-05-23,2852.52,1451.24
2019-05-24,2852.99,1443.75
2019-05-27,2892.38,1491.95
2019-05-28,2909.91,1505.16
2019-05-29,2914.7,1497.89
2019-05-30,2905.81,1485.24
2019-05-31,2898.7,1483.66
2019-06-03,2890.08,1468.98
2019-06-04,2862.28,1456.27
2019-06-05,2861.42,1451.18
2019-06-06,2827.8,1416.06
2019-06-10,2852.13,1431.34
2019-06-11,2925.72,1487.35
2019-06-12,2909.38,1473.9
2019-06-13,2910.74,1479.83
2019-06-14,2881.97,1453.96
2019-06-17,2887.62,1442.35
2019-06-18,2890.16,1455.75
2019-06-19,2917.8,1469.99
2019-06-20,2987.12,1498.01
2019-06-21,3001.98,1523.81
2019-06-24,3008.15,1514.46
2019-06-25,2982.07,1498.47
2019-06-26,2976.28,1504.55
2019-06-27,2996.79,1525.24
2019-06-28,2978.88,1511.51
2019-07-01,3044.9,1568.16
2019-07-02,3043.94,1570.51
2019-07-03,3015.26,1544.36
2019-07-04,3005.25,1532.74
2019-07-05,3011.06,1547.74
2019-07-08,2933.36,1506.66
2019-07-09,2928.23,1517.79
2019-07-10,2915.3,1510.43
2019-07-11,2917.76,1514.2
2019-07-12,2930.55,1518.07
2019-07-15,2942.19,1547.47
2019-07-16,2937.62,1545.27
2019-07-17,2931.69,1550.22
2019-07-18,2901.18,1524.48
2019-07-19,2924.2,1541.98
2019-07-22,2886.97,1515.97
2019-07-23,2899.94,1534.93
2019-07-24,2923.28,1553.72
2019-07-25,2937.36,1566.08
2019-07-26,2944.54,1561.86
2019-07-29,2941.01,1566.52
2019-07-30,2952.34,1580.13
2019-07-31,2932.51,1570.39
2019-08-01,2908.77,1573.87
2019-08-02,2867.84,1556.74
2019-08-05,2821.5,1531.37
2019-08-06,2777.56,1507.91
2019-08-07,2768.68,1500.25
2019-08-08,2794.55,1522.97
2019-08-09,2774.75,1507.71
2019-08-12,2814.99,1539.91
2019-08-13,2797.26,1524.36
2019-08-14,2808.91,1536.66
2019-08-15,2815.8,1555.77
2019-08-16,2823.82,1567.99
2019-08-19,2883.1,1622.84
2019-08-20,2880.0,1611.59
2019-08-21,2880.33,1609.83
2019-08-22,2883.44,1613.46
2019-08-23,2897.43,1615.56
2019-08-26,2863.57,1600.8
2019-08-27,2902.19,1628.12
2019-08-28,2893.76,1625.19
2019-08-29,2890.92,1620.86
2019-08-30,2886.24,1610.9
2019-09-02,2924.11,1652.29
2019-09-03,2930.15,1660.43
2019-09-04,2957.41,1669.41
2019-09-05,2985.86,1689.05
2019-09-06,2999.6,1692.24
2019-09-09,3024.74,1733.23
2019-09-10,3021.2,1725.31
2019-09-11,3008.81,1703.54
2019-09-12,3031.24,1710.57
2019-09-16,3030.75,1714.37
2019-09-17,2978.12,1677.99
2019-09-18,2985.66,1679.31
2019-09-19,2999.28,1705.6
2019-09-20,3006.45,1705.05
2019-09-23,2977.08,1684.32
2019-09-24,2985.34,1694.6
2019-09-25,2955.43,1672.65
2019-09-26,2929.09,1623.79
2019-09-27,2932.17,1647.53
2019-09-30,2905.19,1627.55
2019-10-08,2913.57,1616.58
2019-10-09,2924.86,1622.42
2019-10-10,2947.71,1666.97
2019-10-11,2973.66,1666.83
2019-10-14,3007.88,1679.38
2019-10-15,2991.05,1660.89
2019-10-16,2978.71,1656.37
2019-10-17,2977.33,1658.26
2019-10-18,2938.14,1648.63
2019-10-21,2939.62,1644.51
2019-10-22,2954.38,1666.87
2019-10-23,2941.62,1650.29
2019-10-24,2940.92,1653.86
2019-10-25,2954.93,1675.34
2019-10-28,2980.05,1704.42
2019-10-29,2954.18,1686.58
2019-10-30,2939.32,1684.08
2019-10-31,2929.06,1671.31
2019-11-01,2958.2,1687.0
2019-11-04,2975.49,1699.92
2019-11-05,2991.56,1713.29
2019-11-06,2978.6,1703.02
2019-11-07,2978.71,1715.58
2019-11-08,2964.18,1711.22
2019-11-11,2909.97,1673.13
2019-11-12,2914.82,1671.44
2019-11-13,2905.24,1681.79
2019-11-14,2909.87,1692.58
2019-11-15,2891.34,1674.78
2019-11-18,2909.2,1682.49
2019-11-19,2933.99,1729.08
2019-11-20,2911.05,1719.66
2019-11-21,2903.64,1713.2
2019-11-22,2885.29,1679.8
2019-11-25,2906.17,1661.77
2019-11-26,2907.06,1679.08
2019-11-27,2903.19,1674.39
2019-11-28,2889.69,1673.79
2019-11-29,2871.98,1664.9
2019-12-02,2875.81,1669.54
2019-12-03,2884.7,1675.39
2019-12-04,2878.12,1673.78
2019-12-05,2899.47,1709.83
2019-12-06,2912.01,1726.8
2019-12-09,2914.48,1721.07
2019-12-10,2917.32,1734.02
2019-12-11,2924.42,1718.26
2019-12-12,2915.7,1720.99
2019-12-13,2967.68,1755.41
2019-12-16,2984.39,1780.33
2019-12-17,3022.42,1801.62
2019-12-18,3017.04,1792.42
2019-12-19,3017.07,1790.44
2019-12-20,3004.94,1771.71
2019-12-23,2962.75,1736.62
2019-12-24,2982.68,1769.87
2019-12-25,2981.88,1784.39
2019-12-26,3007.35,1793.64
2019-12-27,3005.04,1767.58
2019-12-30,3040.02,1790.24
2019-12-31,3050.12,1798.12
2020-01-02,3085.2,1832.74
2020-01-03,3083.79,1836.01
2020-01-06,3083.41,1859.92
2020-01-07,3104.8,1893.21
2020-01-08,3066.89,1862.7
2020-01-09,3094.88,1913.14
2020-01-10,3092.29,1904.19
2020-01-13,3115.57,1935.07
2020-01-14,3106.82,1922.56
2020-01-15,3090.04,1924.24
2020-01-16,3074.08,1929.96
2020-01-17,3075.5,1932.51
2020-01-20,3095.79,1982.18
2020-01-21,3052.14,1967.03
2020-01-22,3060.75,1993.9
2020-01-23,2976.53,1927.74
2020-02-03,2746.61,1795.77
2020-02-04,2783.29,1882.69
2020-02-05,2818.09,1939.62
2020-02-06,2866.51,2012.25
2020-02-07,2875.96,2015.8
2020-02-10,2890.49,2042.18
2020-02-11,2901.67,2028.44
2020-02-12,2926.9,2085.28
2020-02-13,2906.07,2064.6
2020-02-14,2917.01,2069.22
2020-02-17,2983.62,2146.18
2020-02-18,2984.97,2170.95
2020-02-19,2975.4,2139.44
2020-02-20,3030.15,2186.74
2020-02-21,3039.67,2226.64
2020-02-24,3031.23,2263.97
2020-02-25,3013.05,2287.31
2020-02-26,2987.93,2180.7
2020-02-27,2991.33,2196.71
2020-02-28,2880.3,2071.57
2020-03-02,2970.93,2135.42
2020-03-03,2992.9,2173.35
2020-03-04,3011.67,2169.44
2020-03-05,3071.68,2209.59
2020-03-06,3034.51,2192.94
2020-03-09,2943.29,2093.06
2020-03-10,2996.76,2148.81
2020-03-11,2968.52,2101.46
2020-03-12,2923.49,2045.93
2020-03-13,2887.43,2030.58
2020-03-16,2789.25,1910.77
2020-03-17,2779.64,1917.7
2020-03-18,2728.76,1887.04
2020-03-19,2702.13,1894.94
2020-03-20,2745.62,1915.05
2020-03-23,2660.17,1827.05
2020-03-24,2722.44,1876.91
2020-03-25,2781.59,1937.85
2020-03-26,2764.91,1927.28
2020-03-27,2772.2,1903.88
2020-03-30,2747.21,1860.48
2020-03-31,2750.3,1871.92
2020-04-01,2734.52,1864.8
2020-04-02,2780.64,1916.95
2020-04-03,2763.99,1906.67
2020-04-07,2820.76,1969.78
2020-04-08,2815.37,1964.76
2020-04-09,2825.9,1997.14
2020-04-10,2796.63,1949.88
2020-04-13,2783.05,1923.08
2020-04-14,2827.28,1985.43
2020-04-15,2811.17,1977.51
2020-04-16,2819.94,2008.39
2020-04-17,2838.49,2020.77
2020-04-20,2852.55,2043.44
2020-04-21,2827.01,2023.94
2020-04-22,2843.98,2043.17
2020-04-23,2838.5,2029.52
2020-04-24,2808.53,2003.75
2020-04-27,2815.49,2018.67
2020-04-28,2810.02,2030.72
2020-04-29,2822.44,2030.48
2020-04-30,2860.08,2069.43
2020-05-06,2878.14,2110.27
2020-05-07,2871.52,2106.84
2020-05-08,2895.34,2125.24
2020-05-11,2894.8,2102.83
2020-05-12,2891.56,2124.15
2020-05-13,2898.05,2140.68
2020-05-14,2870.34,2117.65
2020-05-15,2868.46,2124.31
2020-05-18,2875.42,2114.86
2020-05-19,2898.58,2144.12
2020-05-20,2883.74,2118.12
2020-05-21,2867.92,2099.43
2020-05-22,2813.77,2046.6
2020-05-25,2817.97,2052.3
2020-05-26,2846.55,2112.97
2020-05-27,2836.8,2071.47
2020-05-28,2846.22,2054.96
2020-05-29,2852.35,2086.67
2020-06-01,2915.43,2158.22
2020-06-02,2921.4,2145.29
2020-06-03,2923.37,2143.12
2020-06-04,2919.25,2151.39
2020-06-05,2930.8,2166.38
2020-06-08,2937.77,2153.56
2020-06-09,2956.11,2181.59
2020-06-10,2943.75,2201.99
2020-06-11,2920.9,2195.64
2020-06-12,2919.74,2206.76
2020-06-15,2890.03,2219.55
2020-06-16,2931.75,2260.46
2020-06-17,2935.87,2263.96
2020-06-18,2939.32,2266.03
2020-06-19,2967.63,2319.45
2020-06-22,2965.27,2342.88
2020-06-23,2970.62,2382.05
2020-06-24,2979.55,2382.47
2020-06-29,2961.52,2372.54
2020-06-30,2984.67,2438.2
2020-07-01,3025.98,2419.63
2020-07-02,3090.57,2424.39
2020-07-03,3152.81,2462.56
2020-07-06,3332.88,2529.49
2020-07-07,3345.34,2591.26
2020-07-08,3403.44,2651.97
2020-07-09,3450.59,2757.65
2020-07-10,3383.32,2778.46
2020-07-13,3443.29,2889.43
2020-07-14,3414.62,2858.67
2020-07-15,3361.3,2813.06
2020-07-16,3210.1,2646.26
2020-07-17,3214.13,2662.4
2020-07-20,3314.15,2697.3
2020-07-21,3320.89,2736.51
2020-07-22,3333.16,2769.03
2020-07-23,3325.11,2799.67
2020-07-24,3196.77,2627.84
2020-07-27,3205.23,2631.76
2020-07-28,3227.96,2666.52
2020-07-29,3294.55,2767.4
2020-07-30,3286.82,2743.63
2020-07-31,3310.01,2795.4
2020-08-03,3367.97,2868.88
2020-08-04,3371.69,2832.84
2020-08-05,3377.56,2860.24
2020-08-06,3386.46,2814.37
2020-08-07,3354.04,2749.95
2020-08-10,3379.25,2735.26
2020-08-11,3340.29,2688.7
2020-08-12,3319.27,2635.5
2020-08-13,3320.73,2622.64
2020-08-14,3360.1,2668.71
2020-08-17,3438.8,2696.39
2020-08-18,3451.09,2701.06
2020-08-19,3408.13,2612.84
2020-08-20,3363.9,2587.86
2020-08-21,3380.68,2632.45
2020-08-24,3385.64,2684.63
2020-08-25,3373.58,2701.6
2020-08-26,3329.74,2644.14
2020-08-27,3350.11,2689.17
2020-08-28,3403.81,2757.84
2020-08-31,3395.68,2728.31
2020-09-01,3410.61,2750.42
2020-09-02,3404.8,2771.85
2020-09-03,3384.98,2746.95
2020-09-04,3355.37,2732.15
2020-09-07,3292.59,2641.2
2020-09-08,3316.42,2650.63
2020-09-09,3254.63,2523.4
2020-09-10,3234.82,2483.03
2020-09-11,3260.35,2536.62
2020-09-14,3278.81,2572.6
2020-09-15,3295.68,2595.15
2020-09-16,3283.92,2554.8
2020-09-17,3270.44,2557.32
2020-09-18,3338.09,2596.08
2020-09-21,3316.94,2569.22
2020-09-22,3274.3,2555.54
2020-09-23,3279.71,2599.88
2020-09-24,3223.18,2535.87
2020-09-25,3219.42,2540.43
2020-09-28,3217.53,2521.25
2020-09-29,3224.36,2563.38
2020-09-30,3218.05,2574.76
2020-10-09,3272.08,2672.93
2020-10-12,3358.47,2777.39
2020-10-13,3359.75,2784.72
2020-10-14,3340.78,2764.24
2020-10-15,3332.18,2737.96
2020-10-16,3336.36,2724.5
2020-10-19,3312.67,2689.67
2020-10-20,3328.1,2740.58
2020-10-21,3325.02,2700.53
2020-10-22,3312.5,2673.59
2020-10-23,3278.0,2600.84
2020-10-26,3251.12,2617.74
2020-10-27,3254.32,2650.76
2020-10-28,3269.24,2670.48
2020-10-29,3272.73,2699.92
2020-10-30,3224.53,2655.86
2020-11-02,3225.12,2708.39
2020-11-03,3271.07,2744.31
2020-11-04,3277.44,2750.55
2020-11-05,3320.13,2787.88
2020-11-06,3312.16,2733.07
2020-11-09,3373.73,2814.0
2020-11-10,3360.15,2773.22
2020-11-11,3342.2,2681.52
2020-11-12,3338.68,2700.51
2020-11-13,3310.1,2706.81
2020-11-16,3346.97,2712.41
2020-11-17,3339.9,2658.09
2020-11-18,3347.3,2620.67
2020-11-19,3363.09,2645.16
2020-11-20,3377.73,2667.09
2020-11-23,3414.49,2686.36
2020-11-24,3402.82,2674.8
2020-11-25,3362.33,2615.53
2020-11-26,3369.73,2609.39
2020-11-27,3408.31,2618.99
2020-11-30,3391.76,2631.89
2020-12-01,3451.94,2698.44
2020-12-02,3449.38,2682.97
2020-12-03,3442.14,2712.52
2020-12-04,3444.58,2730.84
2020-12-07,3416.6,2726.48
2020-12-08,3410.18,2746.28
2020-12-09,3371.96,2697.83
2020-12-10,3373.28,2718.55
2020-12-11,3347.19,2687.78
2020-12-14,3369.12,2726.6
2020-12-15,3367.23,2758.85
2020-12-16,3366.98,2760.64
2020-12-17,3404.87,2785.62
2020-12-18,3394.9,2780.73
2020-12-21,3420.57,2882.44
2020-12-22,3356.78,2811.75
2020-12-23,3382.32,2842.97
2020-12-24,3363.11,2820.75
2020-12-25,3396.56,2840.8
2020-12-28,3397.29,2842.81
2020-12-29,3379.04,2813.0
2020-12-30,3414.45,2900.54
2020-12-31,3473.07,2966.26
2021-01-04,3502.96,3078.11
2021-01-05,3528.68,3097.98
2021-01-06,3550.88,3115.09
2021-01-07,3576.2,3162.4
2021-01-08,3570.11,3150.78
2021-01-11,3531.5,3092.86
2021-01-12,3608.34,3180.35
2021-01-13,3598.65,3130.3
2021-01-14,3565.9,3089.18
2021-01-15,3566.38,3089.94
2021-01-18,3596.22,3149.2
2021-01-19,3566.38,3084.49
2021-01-20,3583.09,3204.93
2021-01-21,3621.26,3283.72
2021-01-22,3606.75,3358.24
2021-01-25,3624.24,3355.24
2021-01-26,3569.43,3258.36
2021-01-27,3573.34,3281.03
2021-01-28,3505.18,3161.86
2021-01-29,3483.07,3128.86
2021-02-01,3505.28,3159.99
2021-02-02,3533.68,3228.7
2021-02-03,3517.31,3223.77
2021-02-04,3501.86,3200.55
2021-02-05,3496.33,3193.71
2021-02-08,3532.45,3278.06
2021-02-09,3603.49,3334.24
2021-02-10,3655.09,3413.81
2021-02-18,3675.36,3320.14
2021-02-19,3696.17,3285.53
2021-02-22,3642.44,3138.67
2021-02-23,3636.36,3112.36
2021-02-24,3564.08,3007.46
2021-02-25,3585.05,2977.18
2021-02-26,3509.08,2914.11
2021-03-01,3551.4,2994.75
2021-03-02,3508.59,2966.89
2021-03-03,3576.9,2997.75
2021-03-04,3503.49,2851.87
2021-03-05,3501.99,2871.97
2021-03-08,3421.41,2728.84
2021-03-09,3359.29,2633.45
2021-03-10,3357.74,2676.7
2021-03-11,3436.83,2746.58
2021-03-12,3453.08,2756.81
2021-03-15,3419.95,2644.01
2021-03-16,3446.73,2672.12
2021-03-17,3445.55,2704.14
2021-03-18,3463.07,2748.73
2021-03-19,3404.66,2671.52
2021-03-22,3443.44,2698.26
2021-03-23,3411.51,2668.08
2021-03-24,3367.06,2634.61
2021-03-25,3363.59,2656.0
2021-03-26,3418.33,2745.4
2021-03-29,3435.3,2733.96
2021-03-30,3456.68,2771.32
2021-03-31,3441.91,2758.5
2021-04-01,3466.33,2815.41
2021-04-02,3484.39,2852.23
2021-04-06,3482.97,2831.6
2021-04-07,3479.63,2807.2
2021-04-08,3482.55,2826.99
2021-04-09,3450.68,2783.33
2021-04-12,3412.95,2719.95
2021-04-13,3396.47,2742.85
2021-04-14,3416.72,2804.41
2021-04-15,3398.99,2790.64
2021-04-16,3426.62,2783.37
2021-04-19,3477.55,2898.73
2021-04-20,3472.94,2896.11
2021-04-21,3472.93,2916.97
2021-04-22,3465.11,2939.39
2021-04-23,3474.17,2994.49
2021-04-26,3441.17,2969.4
2021-04-27,3442.61,2986.03
2021-04-28,3457.07,3050.58
2021-04-29,3474.9,3051.42
2021-04-30,3446.86,3091.4
2021-05-06,3441.28,3014.81
2021-05-07,3418.87,2910.41
2021-05-10,3427.99,2921.72
2021-05-11,3441.85,2921.34
2021-05-12,3462.75,2960.36
2021-05-13,3429.54,2943.62
2021-05-14,3490.38,3033.81
2021-05-17,3517.62,3112.74
2021-05-18,3529.01,3090.12
2021-05-19,3510.96,3114.72
2021-05-20,3506.94,3143.62
2021-05-21,3486.56,3113.26
2021-05-24,3497.28,3139.69
2021-05-25,3581.34,3227.36
2021-05-26,3593.36,3196.85
2021-05-27,3608.85,3226.11
2021-05-28,3600.78,3232.29
2021-05-31,3615.48,3309.07
2021-06-01,3624.71,3300.16
2021-06-02,3597.14,3243.02
2021-06-03,3584.21,3201.78
2021-06-04,3591.84,3242.61
2021-06-07,3599.54,3228.24
2021-06-08,3580.11,3208.57
2021-06-09,3591.4,3207.63
2021-06-10,3610.86,3285.51
2021-06-11,3589.75,3298.5
2021-06-15,3556.56,3262.19
2021-06-16,3518.33,3125.7
2021-06-17,3525.6,3188.59
2021-06-18,3525.1,3239.23
2021-06-21,3529.18,3270.58
2021-06-22,3557.41,3281.99
2021-06-23,3566.22,3318.95
2021-06-24,3566.65,3279.16
2021-06-25,3607.56,3347.7
2021-06-28,3606.37,3412.86
2021-06-29,3573.18,3406.24
2021-06-30,3591.2,3477.18
2021-07-01,3588.78,3455.36
2021-07-02,3518.76,3333.9
2021-07-05,3534.32,3352.12
2021-07-06,3530.26,3291.99
2021-07-07,3553.72,3409.59
2021-07-08,3525.5,3432.96
2021-07-09,3524.09,3409.31
2021-07-12,3547.84,3534.76
2021-07-13,3566.52,3514.98
2021-07-14,3528.5,3488.63
2021-07-15,3564.59,3537.39
2021-07-16,3539.3,3432.65
2021-07-19,3539.12,3449.53
2021-07-20,3536.79,3463.79
2021-07-21,3562.66,3560.05
2021-07-22,3574.73,3544.44
2021-07-23,3550.4,3469.87
2021-07-26,3467.44,3371.23
2021-07-27,3381.18,3232.84
2021-07-28,3361.59,3284.92
2021-07-29,3411.72,3459.72
2021-07-30,3397.36,3440.18
2021-08-02,3464.29,3493.36
2021-08-03,3447.99,3477.23
2021-08-04,3477.22,3563.13
2021-08-05,3466.55,3532.5
2021-08-06,3458.23,3490.9
2021-08-09,3494.63,3456.75
2021-08-10,3529.93,3468.67
2021-08-11,3532.62,3437.06
2021-08-12,3524.74,3386.43
2021-08-13,3516.3,3345.13
2021-08-16,3517.34,3301.39
2021-08-17,3446.98,3224.15
2021-08-18,3485.29,3248.37
2021-08-19,3465.55,3278.36
2021-08-20,3427.33,3192.9
2021-08-23,3477.13,3293.77
2021-08-24,3514.47,3330.58
2021-08-25,3540.38,3348.66
2021-08-26,3501.66,3264.45
2021-08-27,3522.16,3257.07
2021-08-30,3528.15,3271.8
2021-08-31,3543.94,3214.12
2021-09-01,3567.1,3186.85
2021-09-02,3597.04,3138.8
2021-09-03,3581.73,3102.14
2021-09-06,3621.86,3228.09
2021-09-07,3676.59,3251.49
2021-09-08,3675.19,3219.95
2021-09-09,3693.13,3221.94
2021-09-10,3703.11,3232.01
2021-09-13,3715.37,3194.27
2021-09-14,3662.6,3236.55
2021-09-15,3656.22,3200.4
2021-09-16,3607.09,3128.84
2021-09-17,3613.97,3193.26
2021-09-22,3628.49,3164.33
2021-09-23,3642.22,3182.47
2021-09-24,3613.07,3207.82
2021-09-27,3582.83,3231.58
2021-09-28,3602.22,3211.45
2021-09-29,3536.29,3175.15
2021-09-30,3568.17,3244.65
2021-10-08,3592.17,3243.2
2021-10-11,3591.71,3196.19
2021-10-12,3546.94,3138.26
2021-10-13,3561.76,3210.16
2021-10-14,3558.28,3215.74
2021-10-15,3572.37,3276.32
2021-10-18,3568.14,3276.48
2021-10-19,3593.15,3297.29
2021-10-20,3587.0,3285.12
2021-10-21,3594.78,3279.49
2021-10-22,3582.6,3284.91
2021-10-25,3609.86,3338.62
2021-10-26,3597.64,3327.54
2021-10-27,3562.31,3308.96
2021-10-28,3518.42,3278.36
2021-10-29,3547.34,3350.67
2021-11-01,3544.48,3331.91
2021-11-02,3505.63,3339.6
2021-11-03,3498.54,3327.09
2021-11-04,3526.87,3362.25
2021-11-05,3491.57,3352.75
2021-11-08,3498.63,3380.29
2021-11-09,3507.0,3409.94
2021-11-10,3492.46,3399.66
2021-11-11,3532.79,3433.24
2021-11-12,3539.1,3430.14
2021-11-15,3533.3,3401.87
2021-11-16,3521.79,3393.71
2021-11-17,3537.37,3421.33
2021-11-18,3520.71,3383.91
2021-11-19,3560.37,3418.96
2021-11-22,3582.08,3505.73
2021-11-23,3589.09,3492.77
2021-11-24,3592.7,3478.66
2021-11-25,3584.18,3474.45
2021-11-26,3564.09,3468.87
2021-11-29,3562.7,3503.41
2021-11-30,3563.89,3495.59
2021-12-01,3576.89,3473.37
2021-12-02,3573.84,3466.91
2021-12-03,3607.43,3478.67
2021-12-06,3589.31,3405.93
2021-12-07,3595.09,3368.78
2021-12-08,3637.57,3424.7
2021-12-09,3673.04,3459.32
2021-12-10,3666.35,3466.8
2021-12-13,3681.08,3496.96
2021-12-14,3661.53,3495.06
2021-12-15,3647.63,3464.76
2021-12-16,3675.02,3490.45
2021-12-17,3632.36,3434.34
2021-12-20,3593.6,3332.61
2021-12-21,3625.13,3350.43
2021-12-22,3622.62,3368.7
2021-12-23,3643.34,3373.7
2021-12-24,3618.05,3297.11
2021-12-27,3615.97,3293.81
2021-12-28,3630.11,3328.56
2021-12-29,3597.0,3281.9
2021-12-30,3619.19,3322.79
2021-12-31,3639.78,3322.67
2022-01-04,3632.33,3250.16
2022-01-05,3595.18,3161.51
2022-01-06,3586.08,3127.48
2022-01-07,3579.54,3096.88
2022-01-10,3593.52,3095.69
2022-01-11,3567.44,3056.15
2022-01-12,3597.43,3136.69
2022-01-13,3555.26,3083.14
2022-01-14,3521.26,3119.41
2022-01-17,3541.67,3170.41
2022-01-18,3569.91,3144.33
2022-01-19,3558.18,3075.98
2022-01-20,3555.06,3065.99
2022-01-21,3522.57,3034.68
2022-01-24,3524.11,3056.43
2022-01-25,3433.06,2974.96
2022-01-26,3455.67,3004.41
2022-01-27,3394.25,2906.76
2022-01-28,3361.44,2908.94
2022-02-07,3429.58,2917.86
2022-02-08,3452.63,2846.48
2022-02-09,3479.95,2883.6
2022-02-10,3485.91,2826.52
2022-02-11,3462.95,2746.38
2022-02-14,3428.88,2732.01
2022-02-15,3446.09,2816.44
2022-02-16,3465.83,2818.4
2022-02-17,3468.04,2839.83
2022-02-18,3490.76,2826.81
2022-02-21,3490.61,2804.6
2022-02-22,3457.15,2765.91
2022-02-23,3489.15,2843.87
2022-02-24,3429.96,2783.9
2022-02-25,3451.41,2855.8
2022-02-28,3462.31,2881.31
2022-03-01,3488.83,2885.79
2022-03-02,3484.19,2834.64
2022-03-03,3481.11,2791.95
2022-03-04,3447.65,2748.64
2022-03-07,3372.86,2630.37
