date,open,high,close,low,volume,price_change,p_change,ma5,ma10,ma20,v_ma5,v_ma10,v_ma20
2022-11-18,3116.73,3126.71,3097.24,3096.89,2999542.75,-18.19,-0.58,3110.026,3086.403,3032.543,3167342.65,3076374.08,2996439.99
2022-11-17,3110.96,3115.44,3115.43,3087.17,2870284.0,-4.55,-0.15,3108.036,3083.759,3029.628,3386643.15,3106226.55,2969089.91
2022-11-16,3133.65,3145.75,3119.98,3115.35,3034298.5,-14.1,-0.45,3092.176,3071.997,3025.609,3353329.95,3078546.73,2947943.79
2022-11-15,3081.13,3135.59,3134.08,3074.5,3314705.75,50.68,1.64,3077.814,3060.336,3021.829,3217744.9,3100195.13,2911676.51
2022-11-14,3100.87,3121.41,3083.4,3075.22,3617882.25,-3.89,-0.13,3063.896,3043.848,3019.173,3067847.75,3088534.13,2868758.6
2022-11-11,3099.65,3117.74,3087.29,3070.3,4096045.25,51.16,1.69,3062.78,3024.856,3019.25,2985405.5,3028740.1,2819168.8
2022-11-10,3031.69,3047.98,3036.13,3022.85,2703718.0,-12.04,-0.4,3059.482,3007.72,3018.485,2825809.95,2911666.88,2753018.56
2022-11-09,3064.46,3073.92,3048.17,3046.19,2356373.25,-16.32,-0.53,3051.818,3002.397,3017.496,2803763.5,2906903.33,2742674.3
2022-11-08,3077.31,3078.28,3064.49,3047.46,2565220.0,-13.33,-0.43,3042.858,2997.53,3016.363,2982645.35,2939955.5,2748862.41
2022-11-07,3062.86,3088.19,3077.82,3054.46,3205671.0,7.02,0.23,3023.8,2988.709,3012.128,3109220.5,2938987.65,2724919.39
2022-11-04,2997.0,3081.59,3070.8,2997.0,3298067.5,72.99,2.44,2986.932,2978.683,3006.945,3072074.7,2916505.9,2686338.25
2022-11-03,2981.2,3003.72,2997.81,2977.72,2593485.75,-5.56,-0.18,2955.958,2975.496,3004.624,2997523.8,2831953.28,2623492.54
2022-11-02,2960.65,3019.05,3003.37,2954.95,3250782.5,34.17,1.15,2952.976,2979.22,3006.794,3010043.15,2817340.85,2608833.47
2022-11-01,2899.5,2969.2,2969.2,2896.76,3198095.75,75.72,2.62,2952.202,2983.321,3008.879,2897265.65,2723157.9,2561343.67
2022-10-31,2893.2,2926.02,2893.48,2885.09,3019942.0,-22.45,-0.77,2953.618,2994.497,3015.112,2768754.8,2648983.08,2517806.53
2022-10-28,2967.02,2974.24,2915.93,2908.98,2925313.0,-66.97,-2.25,2970.434,3013.643,3022.999,2760937.1,2609597.5,2498158.74
2022-10-27,3005.04,3017.26,2982.9,2981.69,2656082.5,-16.6,-0.55,2995.034,3029.249,3031.621,2666382.75,2594370.25,2473421.96
2022-10-26,2977.56,3028.35,2999.5,2977.56,2686895.0,23.22,0.78,3005.464,3032.595,3037.922,2624638.55,2578445.28,2451188.18
2022-10-25,2969.16,3001.72,2976.28,2944.26,2555541.5,-1.28,-0.04,3014.44,3035.196,3043.806,2549050.15,2557769.33,2433329.68
2022-10-24,3034.75,3064.42,2977.56,2965.17,2980853.5,-61.37,-2.02,3035.376,3035.547,3051.112,2529211.35,2510851.13,2415523.87
2022-10-21,3038.04,3055.42,3038.93,3026.96,2452541.25,3.88,0.13,3056.852,3035.206,3058.014,2458257.9,2456170.6,2391038.02
2022-10-20,3029.3,3070.26,3035.05,3013.69,2447361.5,-9.33,-0.31,3063.464,3033.752,3062.388,2522357.75,2415031.81,2426648.91
2022-10-19,3073.26,3081.39,3044.38,3044.38,2308953.0,-36.58,-1.19,3059.726,3034.367,3070.631,2532252.0,2400326.09,2466883.89
2022-10-18,3094.93,3099.92,3080.96,3074.22,2456347.5,-3.98,-0.13,3055.952,3034.436,3080.289,2566488.5,2399529.44,2479032.93
2022-10-17,3060.52,3087.19,3084.94,3052.71,2626086.25,12.95,0.42,3035.718,3035.726,3089.431,2492490.9,2386629.99,2494310.47
2022-10-14,3035.03,3084.27,3071.99,3035.03,2773040.5,55.63,1.84,3013.56,3032.355,3098.287,2454083.3,2386719.99,2504919.99
2022-10-13,3008.3,3036.25,3016.36,3004.5,2496832.75,-9.15,-0.3,3004.04,3033.993,3106.467,2307705.88,2352473.66,2507108.14
2022-10-12,2976.72,3025.51,3025.51,2934.09,2480135.5,45.72,1.53,3009.008,3043.248,3117.963,2268400.18,2323931.09,2532773.74
2022-10-11,2978.06,2986.91,2979.79,2953.5,2086359.5,5.64,0.19,3012.92,3052.415,3128.86,2232570.38,2308890.04,2568201.82
2022-10-10,3026.94,3029.45,2974.15,2968.28,2434048.25,-50.24,-1.66,3035.734,3066.677,3139.866,2280769.08,2320196.61,2604221.66
2022-09-30,3042.17,3054.61,3024.39,3021.93,2041153.38,-16.81,-0.55,3051.15,3080.822,3150.483,2319356.68,2325905.44,2607747.69
2022-09-29,3067.47,3076.76,3041.2,3026.08,2300304.25,-3.87,-0.13,3063.946,3091.023,3158.512,2397241.45,2438266.0,2643020.3
2022-09-28,3089.1,3089.1,3045.07,3044.86,2300986.5,-48.79,-1.58,3077.488,3106.895,3166.559,2379462.0,2533441.7,2700209.5
2022-09-27,3056.39,3094.04,3093.86,3048.37,2327353.0,42.63,1.4,3091.91,3126.142,3175.667,2385209.7,2558536.43,2732319.64
2022-09-26,3067.57,3102.65,3051.23,3048.51,2626986.25,-37.14,-1.2,3097.62,3143.136,3183.01,2359624.15,2601990.95,2764459.54
2022-09-23,3106.81,3124.66,3088.37,3072.24,2430577.25,-20.54,-0.66,3110.494,3164.218,3192.26,2332454.2,2623120.0,2788074.0
2022-09-22,3098.77,3125.68,3108.91,3092.82,2211407.0,-8.27,-0.27,3118.1,3178.94,3200.154,2479290.55,2661742.63,2834643.23
2022-09-21,3116.01,3129.82,3117.18,3091.3,2329725.0,-5.23,-0.17,3136.302,3192.678,3205.468,2687421.4,2741616.4,2907143.16
2022-09-20,3127.84,3140.03,3122.41,3114.04,2199425.25,6.81,0.22,3160.374,3205.305,3213.42,2731863.15,2827513.6,2948940.09
2022-09-19,3122.75,3135.56,3115.6,3101.22,2491136.5,-10.8,-0.34,3188.652,3213.055,3221.189,2844357.75,2888246.7,2996237.76
2022-09-16,3189.83,3191.83,3126.4,3126.4,3164759.0,-73.52,-2.3,3217.942,3220.143,3228.313,2913785.8,2889589.95,3038448.68
2022-09-15,3248.97,3254.18,3199.92,3174.39,3252061.25,-37.62,-1.16,3239.78,3226.001,3235.87,2844194.7,2847774.6,3031058.11
2022-09-14,3224.68,3250.8,3237.54,3221.96,2551933.75,-26.26,-0.81,3249.054,3226.223,3240.501,2795811.4,2866977.3,3031517.43
2022-09-13,3272.05,3278.17,3263.8,3259.66,2761898.25,1.75,0.05,3250.236,3225.191,3242.518,2923164.05,2906102.85,3055716.88
2022-09-09,3241.18,3266.2,3262.05,3236.51,2838276.75,26.46,0.82,3237.458,3222.884,3243.132,2932135.65,2926928.13,3061175.35
2022-09-08,3245.56,3253.7,3235.59,3233.8,2816803.5,-10.7,-0.33,3222.344,3220.301,3243.874,2865394.1,2953028.0,3069227.98
2022-09-07,3232.14,3253.77,3246.29,3227.82,3010144.75,2.84,0.09,3212.222,3221.367,3246.178,2851354.5,3007543.83,3078690.49
2022-09-06,3207.93,3244.64,3243.45,3203.82,3188697.0,43.54,1.36,3203.392,3218.258,3245.365,2938143.2,3072669.93,3056975.05
2022-09-05,3183.95,3199.91,3199.91,3172.04,2806756.25,13.43,0.42,3200.146,3221.535,3245.564,2889041.65,3070366.58,3027342.94
2022-09-02,3189.64,3198.28,3186.48,3173.79,2504569.0,1.5,0.05,3208.31,3229.323,3247.415,2921720.6,3104228.83,3014139.15
2022-09-01,3196.54,3214.56,3184.98,3181.63,2746605.5,-17.16,-0.54,3218.258,3236.483,3249.442,3040661.9,3187307.4,3026252.56
2022-08-31,3216.53,3232.02,3202.14,3184.39,3444088.25,-25.08,-0.78,3230.512,3245.739,3249.645,3163733.15,3214341.63,3019371.76
2022-08-30,3240.18,3243.75,3227.22,3212.63,2943189.25,-13.51,-0.42,3233.124,3254.778,3247.722,3207196.65,3196057.55,3009610.19
2022-08-29,3203.1,3240.73,3240.73,3199.0,2970151.0,4.51,0.14,3242.924,3259.844,3245.674,3251691.5,3205330.9,3059538.81
2022-08-26,3250.63,3266.27,3236.22,3232.28,3099275.5,-10.03,-0.31,3250.336,3263.38,3246.636,3286737.05,3195422.58,3057133.66
2022-08-25,3223.46,3248.35,3246.25,3199.12,3361961.75,31.05,0.97,3254.708,3267.447,3247.487,3333952.9,3185427.95,3055835.41
2022-08-24,3279.17,3281.88,3215.2,3212.39,3661405.75,-61.02,-1.86,3260.966,3270.989,3249.303,3264950.1,3149837.15,3031764.85
2022-08-23,3274.43,3284.6,3276.22,3262.63,3165663.5,-1.57,-0.05,3276.432,3272.471,3252.331,3184918.45,3041280.18,2973260.3
2022-08-22,3249.7,3278.17,3277.79,3247.19,3145378.75,19.71,0.6,3276.764,3269.592,3252.392,3158970.3,2984319.3,2944711.46
2022-08-19,3275.62,3286.49,3258.08,3258.06,3335354.75,-19.46,-0.59,3276.424,3265.506,3251.022,3104108.1,2924049.48,2923065.4
2022-08-18,3286.37,3289.14,3277.54,3270.56,3016947.75,-14.99,-0.46,3280.186,3262.401,3251.617,3036903.0,2865197.73,2906642.7
2022-08-17,3282.1,3296.0,3292.53,3263.35,3261247.5,14.65,0.45,3281.012,3253.551,3251.34,3034724.2,2824401.9,2921974.66
2022-08-16,3278.68,3295.02,3277.88,3271.57,3035922.75,1.79,0.06,3268.51,3240.665,3251.949,2897641.9,2823162.83,2909669.85
2022-08-15,3268.37,3286.89,3276.09,3261.82,2871067.75,-0.8,-0.02,3262.42,3231.504,3252.027,2809668.3,2913746.73,2915699.68
2022-08-12,3275.77,3288.22,3276.89,3272.84,2999329.25,-4.78,-0.15,3254.588,3229.891,3252.127,2743990.85,2918844.75,2946319.3
2022-08-11,3243.47,3281.67,3281.67,3237.9,3006053.75,51.65,1.6,3244.616,3227.526,3249.686,2693492.45,2926242.88,2986431.03
2022-08-10,3242.36,3253.17,3230.02,3217.81,2575836.0,-17.41,-0.54,3226.09,3227.617,3249.689,2614079.6,2913692.55,3014091.55
2022-08-09,3235.74,3248.77,3247.43,3227.54,2596054.75,10.5,0.32,3212.82,3232.191,3252.403,2748683.75,2905240.43,3051222.59
2022-08-08,3218.85,3237.97,3236.93,3214.08,2542680.5,9.9,0.31,3200.588,3235.192,3254.105,3017825.15,2905103.63,3088720.13
2022-08-05,3195.23,3228.89,3227.03,3184.45,2746837.25,37.99,1.19,3205.194,3236.538,3257.937,3093698.65,2922081.33,3132920.7
2022-08-04,3179.43,3191.0,3189.04,3155.7,2608989.5,25.37,0.8,3210.436,3240.832,3264.39,3158993.3,2948087.68,3157039.38
2022-08-03,3188.89,3217.55,3163.67,3159.46,3248856.75,-22.6,-0.71,3229.144,3249.128,3273.158,3213305.5,3019547.43,3193790.0
2022-08-02,3231.26,3231.26,3186.27,3155.19,3941761.75,-73.69,-2.26,3251.562,3263.233,3282.742,3061797.1,2996176.88,3223662.19
2022-08-01,3246.62,3264.3,3259.96,3225.55,2922048.0,6.72,0.21,3269.796,3272.549,3293.63,2792382.1,2917652.63,3232423.94
2022-07-29,3282.81,3294.8,3253.24,3246.37,3073310.5,-29.34,-0.89,3267.882,3274.363,3300.903,2750464.0,2973793.85,3265190.5
2022-07-28,3287.5,3305.71,3282.58,3277.11,2880550.5,6.82,0.21,3271.228,3271.845,3307.623,2737182.05,3046619.18,3286769.63
2022-07-27,3271.78,3282.57,3275.76,3265.73,2491314.75,-1.68,-0.05,3269.112,3271.761,3313.425,2825789.35,3114490.55,3333363.69
2022-07-26,3254.19,3282.41,3277.44,3246.04,2594686.75,27.05,0.83,3274.904,3272.614,3317.713,2930556.65,3197204.75,3429084.73
2022-07-25,3269.71,3273.18,3250.39,3243.03,2712457.5,-19.58,-0.6,3275.302,3273.017,3324.302,3042923.15,3272336.63,3505378.65
2022-07-22,3276.2,3293.64,3269.97,3246.73,3006900.75,-2.03,-0.06,3280.844,3279.336,3330.742,3197123.7,3343760.08,3576814.65
2022-07-21,3297.66,3300.53,3272.0,3272.0,3323587.0,-32.72,-0.99,3272.462,3287.947,3334.731,3356056.3,3365991.08,3621879.48
2022-07-20,3291.55,3308.35,3304.72,3287.74,3015151.25,25.29,0.77,3274.41,3297.187,3337.138,3403191.75,3368032.58,3656007.23
2022-07-19,3278.72,3283.93,3279.43,3256.02,3156519.25,1.33,0.04,3270.324,3302.25,3335.262,3463852.85,3451147.5,3693014.55
2022-07-18,3235.09,3278.47,3278.1,3226.23,3483460.25,50.04,1.55,3270.732,3314.71,3336.627,3501750.1,3547195.25,3732417.04
2022-07-15,3261.38,3288.92,3228.06,3228.06,3801563.75,-53.68,-1.64,3277.828,3327.443,3338.493,3490396.45,3556587.15,3764974.23
2022-07-14,3277.45,3299.25,3281.74,3261.49,3559264.25,-2.55,-0.08,3303.432,3343.401,3342.93,3375925.85,3526920.08,3772546.39
2022-07-13,3279.6,3297.02,3284.29,3266.48,3318456.75,2.82,0.09,3319.964,3355.089,3343.112,3332873.4,3552236.83,3811193.6
2022-07-12,3307.22,3319.25,3281.47,3277.08,3346005.5,-32.11,-0.97,3334.176,3362.812,3344.168,3438442.15,3660964.7,3920562.84
2022-07-11,3341.1,3341.1,3313.58,3297.01,3426692.0,-42.5,-1.27,3358.688,3375.586,3344.54,3592640.4,3738420.68,3978456.66
2022-07-08,3380.37,3386.31,3356.08,3354.12,3229210.75,-8.32,-0.25,3377.058,3382.147,3341.638,3622777.85,3809869.23,4026411.21
2022-07-07,3353.13,3375.86,3364.4,3332.31,3344002.0,9.05,0.27,3383.37,3381.514,3338.076,3677914.3,3877767.88,4084883.55
2022-07-06,3391.03,3391.03,3355.35,3333.1,3846300.5,-48.68,-1.43,3390.214,3377.089,3331.803,3771600.25,3943981.88,4129047.63
2022-07-05,3411.13,3424.84,3404.03,3372.06,4116996.75,-1.4,-0.04,3391.448,3368.274,3327.225,3883487.25,3934881.6,4153824.23
2022-07-04,3381.82,3405.62,3405.43,3364.09,3577379.25,17.79,0.53,3392.484,3358.543,3319.112,3884200.95,3917638.83,4149076.0
2022-07-01,3400.26,3404.05,3387.64,3378.36,3504893.0,-10.98,-0.32,3387.236,3349.543,3310.659,3996960.6,3973361.3,4181220.96
2022-06-30,3358.93,3417.01,3398.62,3358.93,3812431.75,37.1,1.1,3379.658,3342.458,3301.05,4077621.45,4018172.7,4186861.63
2022-06-29,3399.68,3414.65,3361.52,3358.47,4405735.5,-47.69,-1.4,3363.964,3331.134,3290.227,4116363.5,4070150.38,4179072.25
2022-06-28,3377.68,3412.1,3409.21,3358.87,4120565.25,30.02,0.89,3345.1,3325.523,3281.472,3986275.95,4180160.98,4146047.11
2022-06-27,3364.0,3393.31,3379.19,3364.0,4141177.5,29.44,0.88,3324.602,3313.493,3268.465,3951076.7,4218492.65,4114699.99
2022-06-24,3324.74,3356.71,3349.75,3322.95,3908197.25,29.6,0.89,3311.85,3301.129,3256.017,3949762.0,4242953.2,4087373.05
2022-06-23,3269.05,3320.15,3320.15,3262.29,4006142.0,52.95,1.62,3305.258,3294.637,3244.685,3958723.95,4291999.23,4077115.95
2022-06-22,3309.12,3311.02,3267.2,3266.54,3755297.75,-39.52,-1.2,3298.304,3286.517,3234.051,4023937.25,4314113.38,4047938.46
2022-06-21,3313.79,3329.39,3306.72,3279.83,3944569.0,-8.71,-0.26,3305.946,3286.176,3224.237,4374046.0,4372766.85,4068329.65
2022-06-20,3315.78,3333.9,3315.43,3292.93,4134604.0,-1.36,-0.04,3302.384,3279.68,3216.244,4485908.6,4380513.18,4047789.36
2022-06-17,3265.51,3323.28,3316.79,3262.89,3953007.0,31.41,0.96,3290.408,3271.774,3207.801,4536144.4,4389080.63,4027227.48
2022-06-16,3306.84,3319.69,3285.38,3277.53,4332208.5,-20.03,-0.61,3284.016,3259.641,3196.81,4625274.5,4355550.55,3997877.5
2022-06-15,3289.1,3358.55,3305.41,3288.85,5505841.5,16.5,0.5,3274.73,3249.319,3186.84,4604289.5,4287994.13,3938786.04
2022-06-14,3224.21,3289.13,3288.91,3195.82,4503882.0,33.36,1.02,3266.406,3237.421,3176.254,4371487.7,4111933.25,3828672.23
2022-06-13,3256.28,3272.99,3255.55,3229.31,4385783.0,-29.28,-0.89,3256.976,3223.436,3165.496,4275117.75,4010907.33,3772532.38
2022-06-10,3214.18,3286.62,3284.83,3210.81,4398657.5,45.88,1.42,3253.14,3210.905,3156.933,4242016.85,3931792.9,3719112.15
2022-06-09,3259.49,3270.56,3238.95,3223.48,4227283.5,-24.84,-0.76,3235.266,3194.733,3145.441,4085826.6,3862232.68,3671399.51
2022-06-08,3245.02,3266.63,3263.79,3216.01,4341832.5,22.03,0.68,3223.908,3181.584,3136.428,3971698.75,3781763.55,3672031.29
2022-06-07,3235.42,3253.09,3241.76,3222.64,4022032.25,5.39,0.17,3208.436,3162.298,3125.031,3852378.8,3763892.45,3640270.15
2022-06-06,3196.96,3237.07,3236.37,3181.65,4220278.5,40.91,1.28,3189.896,3152.808,3113.15,3746696.9,3715065.55,3585199.31
2022-06-02,3170.31,3197.28,3195.46,3163.76,3617706.25,13.3,0.42,3168.67,3143.828,3101.409,3621568.95,3665374.33,3545817.5
2022-06-01,3179.69,3190.61,3182.16,3160.04,3656644.25,-4.27,-0.13,3154.2,3133.978,3095.024,3638638.75,3640204.45,3556468.63
2022-05-31,3149.94,3188.6,3186.43,3142.0,3745232.75,37.37,1.19,3139.26,3124.36,3088.269,3591828.35,3589577.95,3585602.81
2022-05-30,3141.96,3150.89,3149.06,3123.15,3493622.75,18.82,0.6,3116.16,3115.087,3077.722,3675406.1,3545411.2,3586027.06
2022-05-27,3135.03,3151.05,3130.24,3112.54,3594638.75,7.13,0.23,3115.72,3107.556,3068.183,3683434.2,3534157.43,3622876.03
2022-05-26,3111.48,3133.28,3123.11,3079.48,3703055.25,15.65,0.5,3118.986,3102.96,3055.992,3709179.7,3506431.4,3643951.66
2022-05-25,3070.17,3107.63,3107.46,3069.95,3422592.25,36.53,1.19,3113.756,3096.148,3046.262,3641770.15,3480566.35,3675601.95
2022-05-24,3149.06,3153.13,3070.93,3070.93,4163121.5,-75.93,-2.41,3109.46,3091.272,3045.235,3587327.55,3562299.03,3675472.63
2022-05-23,3150.49,3150.51,3146.86,3127.9,3533763.25,0.29,0.01,3114.014,3087.763,3045.679,3415416.3,3516647.85,3663283.9
2022-05-20,3107.09,3146.57,3146.57,3107.09,3723366.25,49.61,1.6,3099.392,3073.491,3045.889,3384880.65,3455333.08,3667619.25
2022-05-19,3046.71,3096.96,3096.96,3042.67,3366007.5,10.98,0.36,3086.934,3058.99,3048.262,3303683.1,3426260.68,3651422.99
2022-05-18,3095.89,3105.84,3085.98,3071.31,3150379.25,-7.72,-0.25,3078.54,3056.07,3053.19,3319362.55,3472732.8,3656805.18
2022-05-17,3076.5,3093.7,3093.7,3057.64,3303565.25,19.95,0.65,3073.084,3052.178,3059.453,3537270.5,3581627.68,3703207.25
2022-05-16,3100.55,3102.58,3073.75,3063.4,3381085.0,-10.53,-0.34,3061.512,3040.356,3066.05,3617879.4,3626642.93,3723650.16
2022-05-13,3068.03,3086.1,3084.28,3059.25,3317378.5,29.29,0.96,3047.59,3028.809,3071.703,3525785.5,3711594.63,3750174.38
2022-05-12,3044.8,3072.16,3054.99,3032.95,3444404.75,-3.71,-0.12,3031.046,3009.024,3078.156,3548838.25,3781471.93,3793466.41
2022-05-11,3035.39,3100.9,3058.7,3034.67,4239919.0,22.86,0.75,3033.6,2996.376,3083.763,3626103.05,3870637.55,3833326.28
2022-05-10,2965.78,3043.78,3035.84,2957.4,3706609.75,31.7,1.05,3031.272,2999.198,3093.42,3625984.85,3788646.23,3828243.73
2022-05-09,2990.2,3015.94,3004.14,2983.61,2920615.5,2.58,0.09,3019.2,3003.595,3103.463,3635406.45,3809919.95,3844226.56
2022-05-06,3011.32,3030.69,3001.56,2992.72,3432642.25,-66.2,-2.16,3010.028,3018.286,3117.428,3897403.75,3879905.43,3913017.19
2022-05-05,3044.85,3082.23,3067.76,3042.12,3830728.75,20.7,0.68,2987.002,3037.533,3131.486,4014105.6,3876585.3,3930490.3
2022-04-29,2986.06,3048.49,3047.06,2968.33,4239328.0,71.58,2.41,2959.152,3050.309,3140.708,4115172.05,3840877.55,3938173.83
2022-04-28,2945.81,2991.51,2975.48,2936.79,3753717.75,17.2,0.58,2967.124,3066.727,3151.685,3951307.6,3824786.83,3909584.26
2022-04-27,2866.82,2959.18,2958.28,2863.65,4230602.0,71.85,2.49,2987.99,3091.743,3163.108,3984433.45,3820657.4,3880035.2
2022-04-26,2930.45,2957.68,2886.43,2878.26,4016151.5,-42.08,-1.44,3026.544,3114.597,3175.919,3862407.1,3788754.13,3841002.54
2022-04-25,3034.27,3043.82,2928.51,2928.51,4336061.0,-158.41,-5.13,3088.064,3147.287,3192.209,3739065.0,3805460.9,3810204.96
2022-04-22,3058.4,3105.66,3086.92,3049.36,3420005.75,7.11,0.23,3141.466,3171.149,3208.297,3566583.05,3796015.0,3757905.24
2022-04-21,3138.43,3160.9,3079.81,3069.68,3919347.0,-71.24,-2.26,3166.33,3187.642,3217.502,3698266.05,3867841.23,3761842.64
2022-04-20,3189.89,3191.83,3151.05,3142.05,3620470.25,-42.98,-1.35,3195.496,3203.331,3226.505,3656881.35,3878533.18,3746473.36
2022-04-19,3192.09,3207.83,3194.03,3174.71,3399441.0,-1.49,-0.05,3202.65,3216.569,3231.637,3715101.15,3946128.95,3742564.1
2022-04-18,3185.94,3204.03,3195.52,3166.98,3473651.25,-15.72,-0.49,3206.51,3225.438,3234.489,3871856.8,3984395.3,3759109.85
2022-04-15,3210.7,3229.87,3211.24,3200.13,4078420.75,-14.4,-0.45,3200.832,3231.106,3235.465,4025446.95,4035470.1,3795834.01
2022-04-14,3203.63,3240.0,3225.64,3200.23,3712423.5,38.82,1.22,3208.954,3236.642,3233.438,4037416.4,3994381.7,3814246.58
2022-04-13,3199.8,3225.47,3186.82,3183.53,3911569.25,-26.51,-0.82,3211.166,3234.472,3225.355,4100185.0,3939413.0,3861143.98
2022-04-12,3165.12,3214.54,3213.33,3140.9,4183219.25,46.2,1.46,3230.488,3237.24,3227.19,4177156.75,3893250.95,3834549.85
2022-04-11,3239.86,3239.86,3167.13,3156.51,4241602.0,-84.72,-2.6,3244.366,3237.131,3232.011,4096933.8,3814949.03,3817422.45
2022-04-08,3239.88,3257.09,3251.85,3208.35,4138268.0,15.15,0.47,3261.38,3245.444,3238.459,4045493.25,3719795.48,3794510.54
2022-04-07,3267.81,3290.26,3236.7,3236.48,4026266.5,-46.73,-1.42,3264.33,3247.362,3238.686,3951347.0,3655844.05,3820739.91
2022-04-06,3269.43,3288.11,3283.43,3255.69,4296428.0,0.71,0.02,3257.778,3249.678,3241.528,3778641.0,3614413.55,3827389.98
2022-04-01,3234.67,3287.23,3282.72,3226.3,3782104.5,30.52,0.94,3243.992,3246.704,3245.999,3609345.15,3538999.25,3809363.08
2022-03-31,3256.14,3272.04,3252.2,3246.06,3984399.25,-14.4,-0.44,3229.896,3243.539,3254.246,3532964.25,3533824.4,3817021.14
2022-03-30,3217.59,3266.6,3266.6,3216.3,3667536.75,62.66,1.96,3229.508,3239.823,3265.691,3394097.7,3556197.93,3824098.33
2022-03-29,3216.01,3229.18,3203.94,3196.46,3162736.5,-10.56,-0.33,3230.394,3230.234,3276.571,3360341.1,3634111.45,3805405.33
2022-03-28,3185.17,3230.22,3214.5,3159.83,3449948.75,2.26,0.07,3241.578,3216.237,3290.815,3450186.1,3782874.95,3810269.33
2022-03-25,3247.16,3257.11,3212.24,3211.64,3400200.0,-38.02,-1.17,3249.416,3217.14,3303.206,3468653.35,3775848.75,3810691.09
2022-03-24,3256.06,3266.89,3250.26,3236.66,3290066.5,-20.77,-0.64,3257.182,3226.891,3315.164,3534684.55,3819895.88,3829452.36
2022-03-23,3264.79,3279.89,3271.03,3251.98,3498753.75,11.17,0.34,3250.138,3231.474,3324.149,3718298.15,3869225.6,3909126.49
2022-03-22,3249.54,3279.11,3259.86,3239.53,3611961.5,6.17,0.19,3230.074,3230.01,3335.055,3907881.8,3985635.78,3896991.25
2022-03-21,3255.62,3267.5,3253.69,3223.39,3542285.0,2.62,0.08,3190.896,3233.377,3344.92,4115563.8,4040366.4,3879532.91
2022-03-18,3207.15,3260.78,3251.07,3197.36,3730356.0,36.03,1.12,3184.864,3245.294,3356.766,4083044.15,4079726.9,3853189.54
2022-03-17,3215.01,3260.17,3215.04,3202.93,4208134.5,44.33,1.4,3196.6,3264.952,3368.75,4105107.2,4100217.88,3814246.73
2022-03-16,3107.67,3177.79,3170.71,3023.3,4446672.0,106.74,3.48,3212.81,3291.559,3381.4,4020153.05,4091998.73,3752471.34
2022-03-15,3192.36,3196.92,3063.97,3063.97,4650371.5,-159.56,-4.95,3229.946,3322.907,3396.156,4063389.75,3976699.2,3667634.7
2022-03-14,3271.89,3297.8,3223.53,3223.53,3379686.75,-86.22,-2.6,3275.858,3365.393,3415.262,3965169.0,3837663.7,3572895.79
2022-03-11,3259.32,3315.66,3309.75,3217.42,3840671.25,13.66,0.41,3305.724,3389.271,3425.53,4076409.65,3845533.43,3561548.68
2022-03-10,3312.18,3326.58,3296.09,3291.24,3783363.75,39.7,1.22,3333.304,3403.437,3433.19,4095328.55,3839008.85,3550193.16
2022-03-09,3303.71,3321.48,3256.39,3147.68,4662855.5,-37.14,-1.13,3370.308,3416.824,3442.681,4163844.4,3949027.38,3538858.11
2022-03-08,3372.55,3383.63,3293.53,3287.34,4159267.75,-79.33,-2.35,3415.868,3440.1,3453.859,3890008.65,3808346.73,3480840.3
2022-03-07,3438.56,3438.56,3372.86,3360.74,3935890.0,-74.79,-2.17,3454.928,3456.462,3461.814,3710158.4,3718699.43,3455923.85
2022-03-04,3459.98,3474.88,3447.65,3437.7,3935265.75,-33.46,-0.96,3472.818,3468.237,3464.65,3614657.2,3626652.18,3419371.95
2022-03-03,3495.93,3500.29,3481.11,3473.34,4125943.0,-3.08,-0.09,3473.57,3472.548,3460.339,3582689.15,3528275.58,3368036.29
2022-03-02,3478.29,3486.62,3484.19,3467.0,3293676.75,-4.64,-0.13,3463.34,3471.241,3455.996,3734210.35,3412943.95,3302042.4
2022-03-01,3471.36,3491.13,3488.83,3465.72,3260016.5,26.52,0.77,3464.332,3469.405,3454.57,3726684.8,3358570.2,3274919.98
2022-02-28,3450.32,3462.31,3462.31,3425.52,3458384.0,10.9,0.32,3457.996,3465.131,3451.782,3727240.45,3308127.88,3275596.06
2022-02-25,3445.34,3480.18,3451.41,3440.93,3775425.5,21.45,0.62,3463.656,3461.788,3454.872,3638647.15,3277563.93,3242811.04
2022-02-24,3474.37,3486.98,3429.96,3400.21,4883549.0,-59.19,-1.7,3471.526,3462.942,3458.43,3473862.0,3261377.48,3217307.2
2022-02-23,3458.51,3490.76,3489.15,3458.18,3256049.0,32.0,0.93,3479.142,3468.537,3464.685,3091677.55,3128688.85,3162884.68
2022-02-22,3473.29,3473.39,3457.15,3437.67,3262794.75,-33.46,-0.96,3474.478,3467.617,3468.136,2990455.6,3153333.88,3166699.86
2022-02-21,3488.41,3492.2,3490.61,3471.69,3015417.5,-0.15,-0.0,3472.266,3467.165,3473.774,2889015.3,3193148.28,3192133.34
2022-02-18,3451.63,3490.76,3490.76,3447.03,2951499.75,22.72,0.66,3459.92,3461.062,3476.327,2916480.7,3212091.73,3197805.83
2022-02-17,3464.21,3480.97,3468.04,3454.28,2972626.75,2.21,0.06,3454.358,3448.13,3477.852,3048892.95,3207797.0,3238699.35
2022-02-16,3457.07,3475.06,3465.83,3453.8,2749939.25,19.74,0.57,3457.932,3440.751,3482.213,3165700.15,3191140.85,3274752.2
2022-02-15,3428.04,3447.49,3446.09,3421.64,2755593.25,17.21,0.5,3460.756,3439.735,3488.793,3316212.15,3191269.75,3308821.71
2022-02-14,3451.85,3457.26,3428.88,3415.45,3152744.5,-34.07,-0.98,3462.064,3438.432,3494.861,3497281.25,3243064.25,3350922.99
2022-02-11,3472.28,3500.15,3462.95,3459.33,3613561.0,-22.96,-0.66,3462.204,3447.955,3503.093,3507702.75,3208058.15,3371397.06
2022-02-10,3481.91,3488.86,3485.91,3464.22,3556662.75,5.96,0.17,3441.902,3453.917,3508.922,3366701.05,3173236.93,3408872.49
2022-02-09,3450.82,3484.74,3479.95,3444.08,3502499.25,27.32,0.79,3423.57,3460.832,3513.931,3216581.55,3197080.5,3416809.63
2022-02-08,3428.54,3453.19,3452.63,3390.46,3660938.75,23.05,0.67,3418.714,3468.655,3519.692,3066327.35,3180065.85,3453635.69
2022-02-07,3407.76,3434.03,3429.58,3407.76,3204852.0,68.14,2.03,3414.8,3480.383,3528.677,2988847.25,3191118.4,3473102.64
2022-01-28,3407.59,3417.05,3361.44,3356.56,2908552.5,-32.81,-0.97,3433.706,3491.592,3539.187,2908413.55,3183519.93,3477701.0
2022-01-27,3456.1,3456.36,3394.25,3392.02,2806065.25,-61.42,-1.78,3465.932,3507.574,3552.075,2979772.8,3269601.7,3486193.03
2022-01-26,3442.69,3462.12,3455.67,3417.76,2751228.25,22.61,0.66,3498.094,3523.675,3562.212,3177579.45,3358363.55,3498455.65
2022-01-25,3509.28,3519.83,3433.06,3433.06,3273538.25,-91.05,-2.58,3518.596,3537.851,3570.934,3293804.35,3426373.68,3518995.36
2022-01-24,3508.24,3531.61,3524.11,3500.14,2802683.5,1.54,0.04,3545.966,3551.289,3580.08,3393389.55,3458781.73,3519936.1
2022-01-21,3546.75,3547.0,3522.57,3514.89,3265348.75,-32.49,-0.91,3549.478,3558.23,3584.777,3458626.3,3534735.98,3574975.74
2022-01-20,3556.23,3576.26,3555.06,3540.55,3795098.5,-3.12,-0.09,3549.216,3563.927,3590.815,3559430.6,3644508.05,3603171.16
2022-01-19,3567.63,3578.73,3558.18,3541.66,3332352.75,-11.73,-0.33,3549.256,3567.029,3594.193,3539147.65,3636538.75,3610828.83
2022-01-18,3541.89,3579.31,3569.91,3531.33,3771464.25,28.24,0.8,3557.106,3570.729,3597.541,3558943.0,3727205.53,3648303.36
2022-01-17,3522.09,3546.09,3541.67,3519.43,3128867.25,20.41,0.58,3556.612,3576.971,3598.725,3524173.9,3755086.88,3671655.85
2022-01-14,3544.07,3548.42,3521.26,3519.32,3769370.25,-34.0,-0.96,3566.982,3586.782,3603.26,3610845.65,3771882.08,3719456.4
2022-01-13,3601.03,3601.07,3555.26,3555.16,3693683.75,-42.17,-1.17,3578.638,3596.575,3610.948,3729585.5,3702784.35,3721652.64
2022-01-12,3578.16,3599.5,3597.43,3572.1,3431329.5,29.99,0.84,3584.802,3600.749,3615.566,3733929.85,3638547.75,3725707.29
2022-01-11,3589.9,3602.15,3567.44,3562.75,3597618.75,-26.08,-0.73,3584.352,3604.017,3618.771,3895468.05,3611617.05,3735226.78
2022-01-10,3572.74,3593.52,3593.52,3555.13,3562226.0,13.98,0.39,3597.33,3608.87,3624.453,3985999.85,3581090.48,3767391.84
2022-01-07,3588.99,3607.23,3579.54,3577.1,4363069.5,-6.54,-0.18,3606.582,3611.323,3628.095,3932918.5,3615215.5,3799274.94
2022-01-06,3581.22,3594.49,3586.08,3559.88,3715405.5,-9.1,-0.25,3614.512,3617.703,3632.77,3675983.2,3561834.28,3797080.54
2022-01-05,3628.26,3628.26,3595.18,3583.47,4239020.5,-37.15,-1.02,3616.696,3621.357,3635.344,3543165.65,3585118.9,3791828.59
2022-01-04,3649.15,3651.89,3632.33,3610.09,4050277.75,-7.45,-0.2,3623.682,3624.352,3635.34,3327766.05,3569401.2,3781798.86
2021-12-31,3626.24,3642.84,3639.78,3624.94,3296819.25,20.59,0.57,3620.41,3620.479,3633.189,3176181.1,3588224.83,3788623.35
2021-12-30,3596.49,3628.92,3619.19,3595.5,3078393.0,22.19,0.62,3616.064,3619.737,3631.571,3297512.5,3667030.73,3812557.91
2021-12-29,3630.92,3630.92,3597.0,3596.32,3051317.75,-33.11,-0.91,3620.894,3625.32,3629.304,3447685.35,3740520.93,3835659.03
2021-12-28,3619.64,3631.08,3630.11,3607.36,3162022.5,14.14,0.39,3626.018,3630.383,3628.298,3627072.15,3812866.83,3848029.9
2021-12-27,3613.05,3632.19,3615.97,3601.94,3292353.0,-2.08,-0.06,3625.022,3633.525,3624.987,3811036.35,3858836.5,3864522.75
2021-12-24,3645.39,3648.96,3618.05,3612.07,3903476.25,-25.29,-0.69,3620.548,3640.036,3622.324,4000268.55,3953693.2,3866714.26
2021-12-23,3625.47,3643.55,3643.34,3618.05,3829257.25,20.72,0.57,3623.41,3644.866,3619.626,4036548.95,3983334.38,3822040.49
2021-12-22,3632.68,3635.9,3622.62,3616.55,3948251.75,-2.51,-0.07,3629.746,3647.836,3616.668,4033356.5,4032326.8,3783803.39
2021-12-21,3591.45,3627.09,3625.13,3591.45,4081843.5,31.53,0.88,3634.748,3649.331,3615.172,3998661.5,3998538.28,3754778.43
2021-12-20,3620.04,3643.95,3593.6,3589.36,4238514.0,-38.76,-1.07,3642.028,3646.327,3613.37,3906636.65,3994196.53,3730692.05
2021-12-17,3670.26,3673.65,3632.36,3631.66,4084878.25,-42.66,-1.16,3659.524,3645.898,3612.794,3907117.85,3989021.88,3683771.04
2021-12-16,3648.93,3675.02,3675.02,3644.66,3813295.0,27.39,0.75,3666.322,3643.405,3609.194,3930119.8,3958085.1,3638522.11
2021-12-15,3655.05,3668.4,3647.63,3645.24,3774776.75,-13.9,-0.38,3665.926,3633.287,3601.479,4031297.1,3930797.13,3604070.83
2021-12-14,3669.81,3671.68,3661.53,3654.66,3621719.25,-19.55,-0.53,3663.914,3626.213,3595.966,3998415.05,3883192.98,3553699.83
2021-12-13,3686.94,3708.94,3681.08,3678.06,4240920.0,14.73,0.4,3650.626,3616.449,3588.979,4081756.4,3870209.0,3527813.81
2021-12-10,3654.37,3667.85,3666.35,3651.35,4199888.0,-6.69,-0.18,3632.272,3604.611,3581.59,4070925.9,3779735.33,3472276.61
2021-12-09,3641.16,3688.4,3673.04,3638.7,4319181.5,35.47,0.97,3620.488,3594.385,3575.227,3986050.4,3660746.6,3416623.89
2021-12-08,3602.82,3637.72,3637.57,3591.99,3610366.5,42.48,1.18,3600.648,3585.499,3568.215,3830297.15,3535279.98,3361708.79
2021-12-07,3611.22,3614.22,3595.09,3572.57,4038426.0,5.78,0.16,3588.512,3581.012,3560.959,3767970.9,3511018.58,3334705.81
2021-12-06,3615.24,3626.13,3589.31,3586.81,4186767.5,-18.12,-0.5,3582.272,3580.412,3556.555,3658661.6,3467187.58,3276442.51
2021-12-03,3576.45,3608.47,3607.43,3573.21,3775510.5,33.59,0.94,3576.95,3579.689,3552.021,3488544.75,3378520.2,3216196.0
2021-12-02,3573.25,3586.87,3573.84,3567.14,3540415.25,-3.05,-0.09,3568.282,3574.983,3546.228,3335442.8,3318959.13,3204687.26
2021-12-01,3561.89,3576.89,3576.89,3558.69,3298735.25,13.0,0.36,3570.35,3569.67,3543.879,3240262.8,3277344.53,3187386.91
2021-11-30,3570.75,3582.12,3563.89,3546.36,3491879.5,1.19,0.03,3573.512,3565.718,3539.962,3254066.25,3224206.68,3175753.99
2021-11-29,3528.67,3563.68,3562.7,3526.36,3336183.25,-1.39,-0.04,3578.552,3561.508,3537.049,3275713.55,3185418.63,3209941.6
2021-11-26,3576.11,3576.11,3564.09,3554.88,3010000.75,-20.09,-0.56,3582.428,3558.568,3536.138,3268495.65,3164817.9,3234258.1
2021-11-25,3593.39,3597.15,3584.18,3579.53,3064515.25,-8.52,-0.24,3581.684,3556.069,3535.3,3302475.45,3172501.18,3263162.75
2021-11-24,3590.02,3602.74,3592.7,3575.29,3367752.5,3.61,0.1,3568.99,3550.93,3532.012,3314426.25,3188137.6,3299022.83
2021-11-23,3580.51,3598.37,3589.09,3577.36,3600116.0,7.01,0.2,3557.924,3540.906,3530.493,3194347.1,3158393.05,3305945.68
2021-11-22,3562.76,3585.19,3582.08,3562.75,3300093.75,21.71,0.61,3544.464,3532.697,3530.92,3095123.7,3085697.45,3294579.03
2021-11-19,3519.28,3561.91,3560.37,3517.65,3179899.75,39.66,1.13,3534.708,3524.352,3532.309,3061140.15,3053871.8,3290172.75
2021-11-18,3531.49,3537.98,3520.71,3513.11,3124269.25,-16.66,-0.47,3530.454,3517.472,3533.421,3042526.9,3090415.4,3307756.36
2021-11-17,3518.56,3537.51,3537.37,3513.52,2767356.75,15.58,0.44,3532.87,3518.088,3537.124,3061848.95,3097429.3,3327698.34
2021-11-16,3530.46,3549.77,3521.79,3517.81,3103999.0,-11.51,-0.33,3523.888,3514.205,3539.606,3122439.0,3127301.3,3361453.0
2021-11-15,3542.9,3550.44,3533.3,3521.29,3130176.0,-5.8,-0.16,3520.93,3512.589,3543.174,3076271.2,3234464.58,3373351.88
2021-11-12,3534.15,3543.65,3539.1,3527.39,3086833.5,6.31,0.18,3513.996,3513.707,3544.916,3046603.45,3303698.3,3387318.39
2021-11-11,3486.45,3534.2,3532.79,3482.83,3220879.5,40.33,1.16,3504.49,3514.531,3546.579,3138303.9,3353824.33,3393123.2
2021-11-10,3498.94,3498.94,3492.46,3448.44,3070307.0,-14.54,-0.41,3503.306,3513.094,3547.854,3133009.65,3409908.05,3379563.83
2021-11-09,3507.11,3514.95,3507.0,3489.04,2873160.0,8.37,0.24,3504.522,3520.079,3551.319,3132163.6,3453498.3,3388573.81
2021-11-08,3491.97,3507.27,3498.63,3484.24,2981837.25,7.06,0.2,3504.248,3529.143,3553.316,3392657.95,3503460.6,3447612.69
2021-11-05,3520.21,3525.87,3491.57,3491.46,3545335.75,-35.3,-1.0,3513.418,3540.266,3557.97,3560793.15,3526473.7,3495701.4
2021-11-04,3505.89,3527.95,3526.87,3503.01,3194408.25,28.33,0.81,3524.572,3549.369,3563.0,3569344.75,3525097.33,3522015.19
2021-11-03,3501.11,3512.61,3498.54,3480.49,3066076.75,-7.09,-0.2,3522.882,3556.16,3565.065,3686806.45,3557967.38,3560109.59
2021-11-02,3543.38,3559.05,3505.63,3477.66,4175631.75,-38.85,-1.1,3535.636,3565.006,3566.952,3774833.0,3595604.7,3633061.33
2021-11-01,3530.4,3556.59,3544.48,3519.29,3822513.25,-2.86,-0.08,3554.038,3573.758,3571.782,3614263.25,3512239.18,3646364.14
2021-10-29,3519.33,3547.34,3547.34,3502.8,3588093.75,28.92,0.82,3567.114,3576.124,3573.699,3492154.25,3470938.48,3710639.88
2021-10-28,3548.7,3552.04,3518.42,3509.49,3781716.75,-43.89,-1.23,3574.166,3578.627,3576.986,3480849.9,3432422.08,3784887.56
2021-10-27,3589.86,3589.86,3562.31,3553.13,3506209.5,-35.33,-0.98,3589.438,3582.613,3583.176,3429128.3,3349219.6,3863299.48
2021-10-26,3612.83,3625.02,3597.64,3589.71,3372783.0,-12.22,-0.34,3594.376,3582.558,3586.485,3416376.4,3323649.33,3924137.03
2021-10-25,3574.26,3611.09,3609.86,3564.21,3211968.25,27.26,0.76,3593.478,3577.488,3587.301,3410215.1,3391764.78,4013922.98
2021-10-22,3594.75,3607.58,3582.6,3578.76,3531572.0,-12.18,-0.34,3585.134,3575.673,3587.163,3449722.7,3464929.1,4126695.29
2021-10-21,3590.05,3610.96,3594.78,3576.35,3523108.75,7.78,0.22,3583.088,3576.63,3590.844,3383994.25,3518933.05,4187601.69
2021-10-20,3583.24,3596.05,3587.0,3574.3,3442450.0,-6.15,-0.17,3575.788,3573.969,3594.235,3269310.9,3562251.8,4293922.45
2021-10-19,3562.3,3596.79,3593.15,3560.62,3341976.5,25.01,0.7,3570.74,3568.898,3600.653,3230922.25,3670517.95,4400541.95
2021-10-18,3571.05,3571.05,3568.14,3539.48,3409506.25,-4.23,-0.12,3561.498,3569.805,3606.151,3373314.45,3780489.1,4551043.35
2021-10-15,3551.99,3578.77,3572.37,3542.69,3202929.75,14.09,0.4,3566.212,3571.274,3612.401,3480135.5,3950341.28,4682973.21
2021-10-14,3555.11,3569.69,3558.28,3547.18,2949692.0,-3.48,-0.1,3570.172,3575.344,3617.542,3653871.85,4137353.05,4816044.83
2021-10-13,3543.49,3569.13,3561.76,3515.65,3250506.75,14.82,0.42,3572.15,3583.738,3623.457,3855192.7,4377379.35,4942421.18
2021-10-12,3581.3,3583.64,3546.94,3515.14,4053937.5,-44.77,-1.25,3567.056,3590.411,3626.462,4110113.65,4524624.73,5040752.49
2021-10-11,3600.36,3614.7,3591.71,3586.75,3943611.5,-0.46,-0.01,3578.112,3597.114,3628.202,4187663.75,4636081.18,5145321.79
2021-10-08,3609.09,3612.55,3592.17,3571.73,4071611.5,24.0,0.67,3576.336,3598.652,3628.468,4420547.05,4788461.48,5234483.24
2021-09-30,3541.93,3572.43,3568.17,3541.93,3956296.25,31.88,0.9,3580.516,3605.057,3627.215,4620834.25,4856270.33,5364540.81
2021-09-29,3573.52,3573.52,3536.29,3518.05,4525111.5,-65.93,-1.83,3595.326,3614.5,3626.003,4899566.0,5025593.1,5428828.53
2021-09-28,3577.89,3610.92,3602.22,3568.82,4441688.0,19.39,0.54,3613.766,3632.408,3625.596,4939135.8,5130565.95,5458965.8
2021-09-27,3625.96,3640.81,3582.83,3559.92,5108028.0,-30.24,-0.84,3616.116,3642.497,3621.593,5084498.6,5321597.6,5464554.35
2021-09-24,3637.87,3651.43,3613.07,3607.79,5073047.5,-29.15,-0.8,3620.968,3653.527,3617.535,5156375.9,5415605.15,5460604.53
2021-09-23,3651.27,3670.95,3642.22,3632.28,5349955.0,13.73,0.38,3629.598,3659.739,3613.9,5091706.4,5494736.6,5431975.65
2021-09-22,3563.21,3629.45,3628.49,3560.5,4722960.5,14.52,0.4,3633.674,3663.176,3607.513,5151620.2,5507463.0,5379596.13
2021-09-17,3595.27,3620.96,3613.97,3569.27,5168502.0,6.88,0.19,3651.05,3662.513,3599.945,5321996.1,5556880.25,5335811.83
2021-09-16,3664.84,3677.92,3607.09,3606.73,5467414.5,-49.13,-1.34,3668.878,3659.289,3590.613,5558696.6,5654562.4,5272955.19
2021-09-15,3651.16,3677.53,3656.22,3638.32,4749700.0,-6.38,-0.17,3686.086,3658.284,3583.536,5674834.4,5680505.0,5190775.98
2021-09-14,3709.63,3723.85,3662.6,3655.63,5649524.0,-52.77,-1.42,3689.88,3649.372,3574.989,5897766.8,5872811.3,5147892.85
2021-09-13,3699.25,3716.83,3715.37,3692.82,5574840.0,12.26,0.33,3692.678,3637.506,3564.208,5863305.8,5832063.95,5076859.55
2021-09-10,3691.19,3722.87,3703.11,3681.64,6352004.5,9.98,0.27,3673.976,3618.784,3554.307,5791764.4,5787365.65,4993667.41
2021-09-09,3666.82,3693.45,3693.13,3662.16,6048103.5,17.94,0.49,3649.7,3600.689,3544.966,5750428.2,5607511.1,4865160.83
2021-09-08,3673.4,3695.32,3675.19,3661.0,5864362.0,-1.4,-0.04,3630.482,3581.542,3536.547,5686175.6,5505603.9,4753292.95
2021-09-07,3621.71,3681.93,3676.59,3615.14,5477219.0,54.73,1.51,3608.864,3568.061,3529.418,5847855.8,5369214.7,4651966.63
2021-09-06,3580.14,3626.29,3621.86,3580.14,5217133.0,40.13,1.12,3582.334,3551.849,3522.085,5800822.1,5251729.25,4550662.18
2021-09-03,3602.74,3613.95,3581.73,3569.4,6145323.5,-15.31,-0.43,3563.592,3537.376,3515.724,5782966.9,5114743.4,4464760.58
2021-09-02,3559.9,3597.37,3597.04,3557.68,5726840.5,29.94,0.84,3551.678,3521.936,3509.549,5464594.0,4891347.98,4325906.6
2021-09-01,3543.87,3582.32,3567.1,3514.67,6672763.0,23.16,0.65,3532.602,3508.787,3503.024,5325032.2,4701046.95,4213783.04
2021-08-31,3519.02,3543.94,3543.94,3496.39,5242050.5,15.79,0.45,3527.258,3500.606,3498.53,4890573.6,4422974.4,4054517.0
2021-08-30,3535.07,3539.49,3528.15,3512.99,5127857.0,5.99,0.17,3521.364,3490.91,3493.733,4702636.4,4321655.15,3992763.51
2021-08-27,3494.42,3530.19,3522.16,3493.38,4553459.0,20.5,0.58,3511.16,3489.829,3490.54,4446519.9,4199969.18,3952834.59
2021-08-26,3537.31,3537.32,3501.66,3499.45,5029031.5,-38.72,-1.09,3492.194,3489.243,3484.3,4318101.95,4122810.55,3915882.11
2021-08-25,3517.92,3540.39,3540.38,3510.07,4500470.0,25.91,0.74,3484.972,3491.551,3479.803,4077061.7,4000982.0,3836715.25
2021-08-24,3482.27,3522.7,3514.47,3481.14,4302364.5,37.34,1.07,3473.954,3490.775,3470.863,3955375.2,3934718.55,3809604.46
2021-08-23,3436.8,3481.25,3477.13,3436.67,3847274.5,49.8,1.45,3460.456,3492.321,3464.199,3940673.9,3849595.1,3829023.96
2021-08-20,3442.51,3453.15,3427.33,3394.97,3911369.25,-38.22,-1.1,3468.498,3494.071,3463.714,3953418.45,3814777.75,3858101.34
2021-08-19,3475.3,3480.46,3465.55,3446.01,3823830.25,-19.74,-0.57,3486.292,3497.161,3469.868,3927519.15,3760465.23,3885743.5
2021-08-18,3442.35,3487.44,3485.29,3437.69,3892037.5,38.31,1.11,3498.13,3497.261,3475.327,3924902.3,3726519.13,3885085.51
2021-08-17,3512.11,3531.72,3446.98,3438.12,4228858.0,-70.36,-2.0,3507.596,3496.454,3479.195,3914061.9,3686059.6,3859973.01
2021-08-16,3514.34,3537.85,3517.34,3510.9,3910997.25,1.04,0.03,3524.186,3496.555,3483.686,3758516.3,3663871.88,3795420.41
2021-08-13,3514.47,3540.08,3516.3,3500.8,3781872.75,-8.44,-0.24,3519.644,3491.25,3484.775,3676137.05,3705700.0,3768251.03
2021-08-12,3522.72,3538.4,3524.74,3513.45,3810746.0,-7.88,-0.22,3508.03,3479.356,3485.925,3593411.3,3708953.68,3762164.78
2021-08-11,3527.11,3544.09,3532.62,3524.04,3837835.5,2.69,0.08,3496.392,3468.054,3487.917,3528135.95,3672448.5,3753257.06
2021-08-10,3488.66,3529.93,3529.93,3477.06,3451130.0,35.3,1.01,3485.312,3450.951,3487.711,3458057.3,3684490.38,3747476.15
2021-08-09,3441.75,3502.84,3494.63,3438.7,3499101.0,36.4,1.05,3468.924,3436.076,3489.541,3569227.45,3808452.83,3756128.0
2021-08-06,3465.48,3466.39,3458.23,3436.93,3368244.0,-8.32,-0.24,3462.856,3433.357,3492.201,3735262.95,3901424.93,3782992.73
2021-08-05,3461.72,3486.16,3466.55,3449.39,3484369.25,-10.67,-0.31,3450.682,3442.574,3495.494,3824496.05,4011021.78,3789522.69
2021-08-04,3442.94,3477.6,3477.22,3440.78,3487442.25,29.23,0.85,3439.716,3453.392,3498.442,3816761.05,4043651.9,3790743.15
2021-08-03,3446.78,3470.66,3447.99,3435.46,4006980.75,-16.3,-0.47,3416.59,3461.936,3502.267,3910923.45,4033886.43,3775790.64
2021-08-02,3385.69,3464.29,3464.29,3367.64,4329278.5,66.93,1.97,3403.228,3470.816,3506.38,4047678.2,3926968.95,3732476.7
2021-07-30,3398.2,3404.88,3397.36,3370.45,3814409.5,-14.36,-0.42,3403.858,3478.299,3509.882,4067586.9,3830802.05,3660060.19
2021-07-29,3403.84,3416.61,3411.72,3382.57,3445694.25,50.13,1.49,3434.466,3492.493,3515.952,4197547.5,3815375.88,3615312.49
2021-07-28,3355.82,3385.54,3361.59,3312.72,3958254.25,-19.59,-0.58,3467.068,3507.78,3524.805,4270542.75,3834065.63,3588969.38
2021-07-27,3467.45,3483.87,3381.18,3380.28,4690754.5,-86.26,-2.49,3507.282,3524.471,3536.285,4156849.4,3810461.93,3525138.08
2021-07-26,3538.01,3538.01,3467.44,3424.74,4428822.0,-82.96,-2.34,3538.404,3543.005,3545.885,3806259.7,3703803.18,3443635.94
2021-07-23,3571.72,3571.85,3550.4,3541.51,4464212.5,-24.33,-0.68,3552.74,3551.045,3552.832,3594017.2,3664560.53,3382832.33
2021-07-22,3563.66,3576.47,3574.73,3558.29,3810670.5,12.07,0.34,3550.52,3548.414,3555.69,3433204.25,3568023.6,3332665.61
2021-07-21,3543.05,3569.09,3562.66,3543.05,3389787.5,25.87,0.73,3548.492,3543.491,3555.286,3397588.5,3537834.4,3309852.46
2021-07-20,3515.07,3538.64,3536.79,3509.19,2937806.0,-2.33,-0.07,3541.66,3542.597,3555.464,3464074.45,3517694.85,3295717.85
2021-07-19,3530.49,3544.88,3539.12,3506.34,3367609.5,-0.18,-0.01,3547.606,3541.944,3556.495,3601346.65,3537984.45,3302595.75
2021-07-16,3559.53,3566.0,3539.3,3537.73,3660147.75,-25.29,-0.71,3549.35,3541.464,3555.998,3735103.85,3489318.33,3274664.41
2021-07-15,3519.06,3565.93,3564.59,3514.26,3632591.75,36.09,1.02,3546.308,3539.41,3555.288,3702842.95,3415249.1,3240011.31
2021-07-14,3560.83,3560.83,3528.5,3525.49,3722217.25,-38.02,-1.07,3538.49,3541.829,3553.338,3678080.3,3343873.13,3196996.69
2021-07-13,3547.59,3567.48,3566.52,3542.82,3624167.0,18.68,0.53,3543.534,3548.099,3552.83,3571315.25,3239814.23,3167184.48
2021-07-12,3545.2,3565.03,3547.84,3527.39,4036395.5,23.75,0.67,3536.282,3548.765,3552.332,3474622.25,3183468.7,3160560.41
2021-07-09,3512.23,3529.31,3524.09,3485.05,3498843.25,-1.41,-0.04,3533.578,3554.618,3554.427,3243532.8,3101104.13,3139018.13
2021-07-08,3557.22,3558.68,3525.5,3521.06,3508778.5,-28.22,-0.79,3532.512,3562.965,3558.766,3127655.25,3097307.63,3123163.36
2021-07-07,3508.59,3557.88,3553.72,3504.47,3188392.0,23.46,0.67,3545.168,3567.08,3562.061,3009665.95,3081870.53,3096886.09
2021-07-06,3533.13,3538.35,3530.26,3496.93,3140702.0,-4.06,-0.12,3552.664,3568.33,3563.38,2908313.2,3073740.85,3089712.23
2021-07-05,3516.92,3534.32,3534.32,3510.58,2880948.25,15.56,0.44,3561.248,3571.045,3566.844,2892315.15,3067207.05,3084536.46
2021-07-02,3569.89,3569.89,3518.76,3514.34,2919455.5,-70.02,-1.95,3575.658,3570.531,3569.72,2958675.45,3060010.5,3105935.58
2021-07-01,3600.55,3607.7,3588.78,3573.94,2918832.0,-2.42,-0.07,3593.418,3571.165,3572.993,3066960.0,3064773.53,3137079.31
2021-06-30,3572.62,3594.12,3591.2,3569.5,2681628.25,18.02,0.5,3588.992,3564.847,3573.411,3154075.1,3050120.25,3165416.93
2021-06-29,3601.68,3601.83,3573.18,3570.53,3060711.75,-33.19,-0.92,3583.996,3557.56,3575.086,3239168.5,3094554.73,3207741.23
2021-06-28,3612.25,3614.36,3606.37,3594.22,3212749.75,-1.19,-0.03,3580.842,3555.898,3577.201,3242098.95,3137652.13,3220467.53
2021-06-25,3567.38,3614.3,3607.56,3564.52,3460878.25,40.91,1.15,3565.404,3554.236,3576.922,3161345.55,3176932.13,3234434.45
2021-06-24,3568.58,3570.49,3566.65,3548.82,3354407.5,0.43,0.01,3548.912,3554.566,3576.986,3062587.05,3149019.1,3216166.28
2021-06-23,3559.4,3577.47,3566.22,3549.85,3107095.25,8.81,0.25,3540.702,3557.041,3578.322,2946165.4,3111901.65,3219436.05
2021-06-22,3539.79,3560.19,3557.41,3536.81,3075364.0,28.23,0.8,3531.124,3558.43,3579.078,2949940.95,3105683.6,3234701.85
2021-06-21,3515.5,3540.3,3529.18,3504.01,2808982.75,4.08,0.12,3530.954,3562.643,3576.071,3033205.3,3101865.88,3225688.28
2021-06-18,3520.5,3535.62,3525.1,3503.18,2967085.75,-0.5,-0.01,3543.068,3568.909,3573.94,3192518.7,3151860.65,3227152.28
2021-06-17,3508.32,3534.2,3525.6,3507.35,2772299.25,7.27,0.21,3560.22,3574.82,3573.032,3235451.15,3209385.1,3241802.65
2021-06-16,3556.71,3561.09,3518.33,3513.56,3125973.0,-38.23,-1.07,3573.38,3581.974,3572.3,3277637.9,3280713.6,3242348.25
2021-06-15,3587.47,3592.95,3556.56,3547.19,3491685.75,-33.19,-0.93,3585.736,3592.612,3572.834,3261426.25,3320927.73,3221703.88
2021-06-11,3614.11,3614.4,3589.75,3587.15,3605549.75,-21.11,-0.58,3594.332,3598.504,3570.887,3170526.45,3303282.93,3208187.58
2021-06-10,3587.53,3624.34,3610.86,3584.13,3181748.0,19.46,0.54,3594.75,3599.607,3565.919,3111202.6,3291936.78,3196401.24
2021-06-09,3576.8,3598.71,3591.4,3572.64,2983233.0,11.29,0.32,3589.42,3599.406,3556.853,3183319.05,3283313.45,3196976.5
2021-06-08,3598.75,3621.52,3580.11,3563.25,3044914.75,-19.43,-0.54,3590.568,3599.602,3550.42,3283789.3,3326970.45,3203537.13
2021-06-07,3597.14,3600.38,3599.54,3581.9,3037186.75,7.7,0.21,3599.488,3599.725,3543.507,3380429.2,3363720.1,3226758.44
2021-06-04,3565.47,3618.8,3591.84,3561.89,3308930.5,7.63,0.21,3602.676,3589.499,3534.93,3436039.4,3349510.68,3261984.54
2021-06-03,3595.42,3618.51,3584.21,3584.21,3542330.25,-12.93,-0.36,3604.464,3578.971,3526.281,3472670.95,3302443.9,3273430.71
2021-06-02,3626.33,3629.29,3597.14,3584.6,3485584.25,-27.57,-0.76,3609.392,3571.244,3519.135,3383307.85,3274220.2,3251526.3
2021-06-01,3608.6,3626.07,3624.71,3581.91,3528114.25,9.23,0.26,3608.636,3562.626,3511.621,3370151.6,3203982.9,3233577.26
2021-05-31,3600.07,3615.66,3615.48,3580.65,3315237.75,14.7,0.41,3599.962,3553.056,3504.13,3347011.0,3122480.03,3195487.24
2021-05-28,3610.77,3622.18,3600.78,3582.36,3492088.25,-8.07,-0.22,3576.322,3543.27,3496.21,3262981.95,3113092.23,3153415.91
2021-05-27,3585.73,3626.36,3608.85,3579.26,3095514.75,15.49,0.43,3553.478,3532.23,3488.301,3132216.85,3100865.7,3105327.7
2021-05-26,3586.84,3603.49,3593.36,3585.37,3419803.0,12.02,0.34,3533.096,3514.299,3479.917,3165132.55,3110639.55,3089037.35
2021-05-25,3502.54,3584.58,3581.34,3502.44,3412411.25,84.06,2.4,3516.616,3501.238,3473.958,3037814.2,3080103.8,3042727.41
2021-05-24,3486.27,3498.3,3497.28,3469.87,2895092.5,10.72,0.31,3506.15,3487.289,3468.146,2897949.05,3089796.78,2997664.1
2021-05-21,3510.84,3518.38,3486.56,3479.67,2838262.75,-20.38,-0.58,3510.218,3480.36,3466.929,2963202.5,3174458.4,2979798.4
2021-05-20,3500.88,3517.74,3506.94,3486.07,3260093.25,-4.02,-0.11,3510.982,3473.591,3466.248,3069514.55,3244417.53,2980535.3
2021-05-19,3521.11,3521.11,3510.96,3503.82,2783211.25,-18.05,-0.51,3495.502,3467.025,3464.778,3056146.55,3228832.4,2968898.55
2021-05-18,3520.65,3529.01,3529.01,3510.86,2713085.5,11.39,0.32,3485.86,3460.615,3460.561,3122393.4,3263171.63,2959027.83
2021-05-17,3490.41,3530.51,3517.62,3490.14,3221359.75,27.24,0.78,3468.428,3455.204,3454.06,3281644.5,3268494.45,2940376.08
2021-05-14,3436.09,3490.64,3490.38,3422.56,3369823.0,60.84,1.77,3450.502,3449.149,3449.015,3385714.3,3193739.6,2895929.25
2021-05-13,3432.14,3448.02,3429.54,3418.38,3193253.25,-33.21,-0.96,3436.2,3444.372,3444.32,3419320.5,3109789.7,2862751.13
2021-05-12,3429.75,3466.37,3462.75,3428.39,3114445.5,20.9,0.61,3438.548,3445.535,3443.49,3401518.25,3067435.15,2857877.09
2021-05-11,3406.6,3448.1,3441.85,3384.7,3509341.0,13.86,0.4,3435.37,3446.677,3442.887,3403949.85,3005351.03,2842197.41
2021-05-10,3423.59,3429.74,3427.99,3401.93,3741708.75,9.12,0.27,3441.98,3449.003,3444.922,3255344.4,2905531.43,2832608.03
2021-05-07,3446.41,3457.89,3418.87,3416.78,3537854.0,-22.41,-0.65,3447.796,3453.497,3447.504,3001764.9,2785138.4,2793416.08
2021-05-06,3446.07,3471.24,3441.28,3426.85,3104242.0,-5.58,-0.16,3452.544,3458.904,3450.709,2800258.9,2716653.08,2733896.71
2021-04-30,3468.3,3469.09,3446.86,3426.9,3126603.5,-28.04,-0.81,3452.522,3462.531,3452.864,2733352.05,2708964.7,2710012.05
2021-04-29,3458.08,3478.23,3474.9,3447.59,2766313.75,17.83,0.52,3457.984,3460.507,3453.838,2606752.2,2654884.03,2691304.03
2021-04-28,3432.16,3457.07,3457.07,3423.33,2473811.25,14.46,0.42,3456.026,3452.916,3452.188,2555718.45,2612257.7,2694512.96
2021-04-27,3440.09,3443.85,3442.61,3417.26,2530324.0,1.44,0.04,3459.198,3448.881,3452.169,2568511.9,2598118.9,2713533.94
2021-04-26,3484.11,3497.12,3441.17,3438.57,2769707.75,-33.0,-0.95,3465.264,3444.267,3451.803,2633047.25,2615712.55,2729429.86
2021-04-23,3462.09,3482.36,3474.17,3456.33,2493604.25,9.06,0.26,3472.54,3441.445,3450.661,2684577.35,2648319.03,2728251.96
2021-04-22,3482.83,3485.36,3465.11,3456.32,2511145.0,-7.82,-0.23,3463.03,3439.096,3445.132,2703015.85,2679043.8,2738909.8
2021-04-21,3456.3,3481.25,3472.93,3450.11,2537778.5,-0.01,0.0,3449.806,3440.84,3440.23,2668796.95,2759684.63,2772051.9
2021-04-20,3467.15,3494.3,3472.94,3463.46,2853000.75,-4.61,-0.13,3438.564,3441.51,3437.159,2627725.9,2801693.75,2808357.68
2021-04-19,3427.55,3479.01,3477.55,3414.36,3027358.25,50.93,1.49,3423.27,3442.513,3435.684,2598377.85,2751140.35,2821987.18
2021-04-16,3407.19,3432.63,3426.62,3394.13,2585796.75,27.63,0.81,3410.35,3443.197,3432.039,2612060.7,2711059.4,2825200.13
2021-04-15,3409.61,3409.61,3398.99,3373.09,2340050.5,-17.73,-0.52,3415.162,3447.168,3433.862,2655071.75,2727724.03,2838112.24
2021-04-14,3397.02,3420.03,3416.72,3392.98,2332423.25,20.25,0.6,3431.874,3451.46,3436.19,2850572.3,2776768.23,2861139.63
2021-04-13,3411.29,3425.39,3396.47,3387.9,2706260.5,-16.48,-0.48,3444.456,3455.456,3437.69,2975661.6,2828948.98,2902852.84
2021-04-12,3445.97,3456.16,3412.95,3403.9,3095772.5,-37.73,-1.09,3461.756,3459.339,3438.864,2903902.85,2843147.18,2951446.46
2021-04-09,3475.44,3475.45,3450.68,3442.14,2800852.0,-31.87,-0.92,3476.044,3459.877,3440.871,2810058.1,2808184.9,2975671.35
2021-04-08,3467.49,3495.91,3482.55,3459.32,3317553.25,2.92,0.08,3479.174,3451.168,3440.178,2800376.3,2798775.8,2996684.78
2021-04-07,3483.42,3483.42,3479.63,3453.19,2957869.75,-3.34,-0.1,3471.046,3439.619,3433.938,2702964.15,2784419.18,2980681.7
2021-04-06,3491.63,3493.28,3482.97,3471.76,2347466.75,-1.42,-0.04,3466.456,3432.807,3427.921,2682236.35,2815021.6,3036614.49
2021-04-02,3472.63,3487.59,3484.39,3462.83,2626548.75,18.06,0.52,3456.922,3428.854,3424.843,2782391.5,2892834.0,3112765.13
2021-04-01,3444.81,3470.03,3466.33,3438.83,2752443.0,24.42,0.71,3443.71,3420.881,3425.723,2806311.7,2939340.85,3159642.3
2021-03-31,3452.21,3452.21,3441.91,3420.83,2830492.5,-14.77,-0.43,3423.162,3420.555,3427.581,2797175.3,2948500.45,3218828.21
2021-03-30,3432.53,3457.63,3456.68,3423.32,2854230.75,21.38,0.62,3408.192,3420.919,3434.33,2865874.2,2945511.03,3251132.01
2021-03-29,3429.63,3449.83,3435.3,3409.89,2848242.5,16.97,0.5,3399.158,3419.924,3436.926,2947806.85,2976756.7,3278335.71
2021-03-26,3373.32,3423.22,3418.33,3373.32,2746149.75,54.74,1.63,3400.786,3418.389,3442.731,3003276.5,3059745.75,3293667.35
2021-03-25,3355.07,3382.23,3363.59,3344.97,2706761.0,-3.47,-0.1,3398.052,3421.864,3447.268,3072370.0,3143157.8,3322999.9
2021-03-24,3394.13,3415.29,3367.06,3362.18,3173987.0,-44.45,-1.3,3417.948,3429.188,3458.341,3099825.6,3194593.75,3370778.0
2021-03-23,3445.34,3445.42,3411.51,3390.05,3263894.0,-31.93,-0.93,3433.646,3428.256,3468.192,3025147.85,3176944.23,3393158.13
2021-03-22,3406.12,3443.66,3443.44,3404.23,3125590.75,38.78,1.14,3440.69,3423.034,3479.435,3005706.55,3258207.38,3429400.01
2021-03-19,3423.87,3439.52,3404.66,3389.29,3091617.25,-58.41,-1.69,3435.992,3420.831,3489.385,3116215.0,3332696.25,3517531.23
2021-03-18,3449.64,3478.14,3463.07,3449.38,2844039.0,17.52,0.51,3445.676,3430.564,3503.96,3213945.6,3379943.75,3543480.26
2021-03-17,3435.73,3454.06,3445.55,3410.28,2800598.25,-1.18,-0.03,3440.428,3434.606,3514.575,3289361.9,3489155.98,3571432.85
2021-03-16,3424.65,3448.88,3446.73,3406.17,3166687.5,26.78,0.78,3422.866,3447.741,3525.052,3328740.6,3556753.0,3560373.35
2021-03-15,3441.88,3457.49,3419.95,3392.51,3678133.0,-33.13,-0.96,3405.378,3453.927,3532.89,3510708.2,3579914.73,3528949.85
2021-03-12,3447.2,3454.51,3453.08,3417.24,3580270.25,16.25,0.47,3405.67,3467.072,3538.515,3549177.5,3527588.95,3469943.01
2021-03-11,3369.9,3436.83,3436.83,3369.9,3221120.5,79.09,2.35,3415.452,3472.672,3540.677,3545941.9,3502842.0,3436002.59
2021-03-10,3389.84,3397.03,3357.74,3354.82,2997491.75,-1.55,-0.05,3428.784,3487.494,3543.929,3688950.05,3546962.25,3424363.99
2021-03-09,3415.34,3429.15,3359.29,3328.31,4076525.5,-62.12,-1.82,3472.616,3508.128,3551.907,3784765.4,3609372.03,3423165.26
2021-03-08,3524.98,3542.3,3421.41,3421.22,3870479.5,-80.58,-2.3,3502.476,3535.835,3560.627,3649121.25,3600592.65,3351609.3
2021-03-05,3463.31,3523.57,3501.99,3456.67,3564092.25,-1.5,-0.04,3528.474,3557.938,3564.82,3506000.4,3702366.2,3296869.28
2021-03-04,3546.64,3552.2,3503.49,3487.38,3936161.25,-73.41,-2.05,3529.892,3577.356,3563.874,3459742.1,3707016.78,3265496.0
2021-03-03,3500.16,3577.62,3576.9,3498.72,3476568.5,68.31,1.95,3546.204,3594.543,3563.959,3404974.45,3653709.73,3204119.16
2021-03-02,3566.85,3566.85,3508.59,3485.36,3398304.75,-42.81,-1.21,3543.64,3602.362,3563.781,3433978.65,3563993.7,3162344.31
2021-03-01,3531.48,3552.57,3551.4,3511.99,3154875.25,42.32,1.21,3569.194,3611.852,3566.823,3552064.05,3477984.98,3131499.01
2021-02-26,3514.56,3550.41,3509.08,3500.7,3332800.75,-75.97,-2.12,3587.402,3609.957,3570.465,3898732.0,3412297.08,3137425.79
2021-02-25,3595.54,3608.56,3585.05,3568.47,3662323.0,20.97,0.59,3624.82,3608.682,3575.348,3954291.45,3369163.18,3133017.29
2021-02-24,3638.94,3645.65,3564.08,3531.59,3621589.5,-72.28,-1.99,3642.882,3600.363,3577.159,3902445.0,3301765.73,3113634.64
2021-02-23,3617.7,3672.15,3636.36,3617.7,3988731.75,-6.08,-0.17,3661.084,3595.686,3578.109,3694008.75,3236958.5,3068690.99
2021-02-22,3707.19,3717.27,3642.44,3642.44,4888215.0,-53.73,-1.45,3654.51,3585.418,3574.61,3403905.9,3102625.95,3030974.18
2021-02-19,3661.78,3699.65,3696.17,3634.01,3610598.0,20.81,0.57,3632.512,3571.702,3572.299,2925862.15,2891372.35,2937389.71
2021-02-18,3721.09,3731.69,3675.36,3663.66,3403090.75,20.27,0.56,3592.544,3550.392,3565.81,2784034.9,2823975.23,2919166.19
2021-02-10,3612.61,3662.77,3655.09,3612.5,2579408.25,51.6,1.43,3557.844,3533.374,3560.337,2701086.45,2754528.6,2922845.06
2021-02-09,3539.77,3604.01,3603.49,3528.68,2538217.5,71.04,2.01,3530.288,3525.199,3557.515,2779908.25,2760694.93,2987938.55
2021-02-08,3504.56,3542.21,3532.45,3492.13,2497996.25,36.12,1.03,3516.326,3521.793,3557.757,2801346.0,2785013.05,3022730.75
2021-02-05,3509.49,3536.54,3496.33,3492.96,2901461.75,-5.53,-0.16,3510.892,3530.972,3557.71,2856882.55,2862554.5,3079070.51
2021-02-04,3503.78,3524.72,3501.86,3465.77,2988348.5,-15.45,-0.44,3508.24,3542.014,3561.399,2863915.55,2896871.4,3106776.38
2021-02-03,3531.15,3544.01,3517.31,3508.51,2973517.25,-16.37,-0.46,3508.904,3553.954,3565.116,2807970.75,2925503.55,3160033.06
2021-02-02,3510.81,3535.5,3533.68,3495.57,2645406.25,28.4,0.81,3520.11,3560.532,3566.794,2741481.6,2900423.48,3196472.66
2021-02-01,3477.17,3506.39,3505.28,3469.88,2775679.0,22.21,0.64,3527.26,3563.802,3566.544,2768680.1,2959322.4,3268200.31
2021-01-29,3521.72,3531.6,3483.07,3446.55,2936626.75,-22.11,-0.63,3551.052,3572.896,3566.428,2868226.45,2983407.08,3319811.76
2021-01-28,3534.67,3549.54,3505.18,3496.88,2708624.5,-68.16,-1.91,3575.788,3581.227,3565.928,2929827.25,3014357.15,3340817.39
2021-01-27,3567.55,3578.8,3573.34,3546.49,2641071.5,3.91,0.11,3599.004,3587.299,3561.392,3043036.35,3091161.53,3350897.94
2021-01-26,3610.97,3610.97,3569.43,3564.74,2781398.75,-54.81,-1.51,3600.954,3589.83,3551.677,3059365.35,3215182.18,3374728.95
2021-01-25,3605.36,3637.1,3624.24,3591.02,3273410.75,17.49,0.48,3600.344,3593.721,3543.07,3149964.7,3260448.45,3393749.79
2021-01-22,3616.54,3616.54,3606.75,3585.03,3244630.75,-14.51,-0.4,3594.74,3584.447,3531.686,3098587.7,3295586.53,3377352.7
2021-01-21,3590.92,3636.24,3621.26,3585.8,3274670.0,38.17,1.06,3586.666,3580.783,3519.504,3098887.05,3316681.35,3352643.39
2021-01-20,3564.12,3589.96,3583.09,3556.44,2722716.5,16.71,0.47,3575.594,3576.277,3507.557,3139286.7,3394562.58,3338671.65
2021-01-19,3596.36,3603.15,3566.38,3553.02,3234395.5,-29.84,-0.83,3578.706,3573.056,3496.241,3370999.0,3492521.85,3364054.65
2021-01-18,3554.8,3608.77,3596.22,3544.26,3016525.75,29.84,0.84,3587.098,3569.286,3488.951,3370932.2,3577078.23,3344214.78
2021-01-15,3566.28,3589.27,3566.38,3533.79,3246127.5,0.48,0.01,3574.154,3559.96,3478.885,3492585.35,3656216.45,3333884.81
2021-01-14,3584.93,3599.06,3565.9,3559.6,3476668.25,-32.75,-0.91,3574.9,3550.629,3470.809,3534475.65,3667277.63,3309310.25
2021-01-13,3613.28,3622.35,3598.65,3575.59,3881278.0,-9.69,-0.27,3576.96,3535.484,3460.863,3649838.45,3610634.35,3245883.83
2021-01-12,3518.01,3608.34,3608.34,3517.47,3234061.5,76.84,2.18,3567.406,3513.523,3449.292,3614044.7,3534275.73,3164653.63
2021-01-11,3571.32,3597.7,3531.5,3516.99,3624791.5,-38.61,-1.08,3551.474,3492.418,3437.331,3783224.25,3527051.13,3122854.51
2021-01-08,3577.69,3588.06,3570.11,3544.89,3455579.0,-6.09,-0.17,3545.766,3478.924,3428.116,3819847.55,3459118.88,3090923.51
2021-01-07,3552.91,3576.2,3576.2,3526.62,4053482.25,25.32,0.71,3526.358,3458.224,3418.274,3800079.6,3388605.43,3041798.71
2021-01-06,3530.91,3556.8,3550.88,3513.13,3702309.25,22.2,0.63,3494.008,3438.836,3408.062,3571430.25,3282780.73,2969498.31
2021-01-05,3492.19,3528.68,3528.68,3484.72,4079959.25,25.72,0.73,3459.64,3419.426,3401.027,3454506.75,3235587.45,2897836.51
2021-01-04,3474.68,3511.66,3502.96,3457.21,3807908.0,29.89,0.86,3433.362,3408.615,3395.423,3270878.0,3111351.33,2821099.8
2020-12-31,3419.73,3474.92,3473.07,3419.73,3356739.25,58.62,1.72,3412.082,3397.809,3392.504,3098390.2,3011553.18,2758842.75
2020-12-30,3375.01,3414.45,3414.45,3374.42,2910235.5,35.41,1.05,3390.09,3390.989,3390.958,2977131.25,2951342.88,2740235.75
2020-12-29,3399.29,3407.09,3379.04,3376.09,3117691.75,-18.25,-0.54,3383.664,3386.242,3392.704,2994131.2,2881133.3,2751129.54
2020-12-28,3396.36,3412.52,3397.29,3383.65,3161815.5,0.73,0.02,3379.212,3385.061,3396.349,3016668.15,2795031.53,2753339.44
2020-12-25,3351.79,3397.01,3396.56,3348.35,2945469.0,33.45,0.99,3383.868,3382.244,3396.073,2951824.65,2718657.9,2787743.65
2020-12-24,3382.19,3394.07,3363.11,3354.02,2750444.5,-19.21,-0.57,3383.536,3377.307,3396.66,2924716.15,2722728.15,2780795.15
2020-12-23,3362.47,3394.21,3382.32,3360.2,2995235.25,25.54,0.76,3391.888,3378.324,3396.991,2925554.5,2694992.0,2771216.34
2020-12-22,3410.97,3415.75,3356.78,3353.86,3230376.5,-63.79,-1.86,3388.82,3377.288,3395.992,2768135.4,2656215.9,2782509.68
2020-12-21,3394.39,3423.61,3420.57,3381.12,2837598.0,25.67,0.76,3390.91,3382.628,3398.294,2573394.9,2560085.58,2771487.93
2020-12-18,3400.49,3413.81,3394.9,3382.75,2809926.5,-9.97,-0.29,3380.62,3382.231,3397.99,2485491.15,2530848.28,2816544.05
2020-12-17,3367.28,3406.15,3404.87,3354.01,2754636.25,37.89,1.12,3371.078,3387.199,3397.131,2520740.15,2506132.33,2806683.34
2020-12-16,3371.26,3378.66,3366.98,3359.17,2208139.75,-0.25,-0.01,3364.76,3390.926,3395.042,2464429.5,2529128.63,2795583.03
2020-12-15,3366.58,3373.56,3367.23,3348.42,2256674.0,-1.89,-0.06,3365.756,3399.166,3394.058,2544296.4,2621125.78,2828941.66
2020-12-14,3349.53,3371.13,3369.12,3338.63,2398079.25,21.93,0.66,3374.346,3407.637,3392.692,2546776.25,2711647.35,2857924.2
2020-12-11,3381.01,3383.18,3347.19,3325.17,2986171.5,-26.09,-0.77,3383.842,3409.901,3391.584,2576205.4,2856829.4,2877817.11
2020-12-10,3365.73,3384.89,3373.28,3357.75,2473083.0,1.32,0.04,3403.32,3416.013,3389.73,2491524.5,2838862.15,2842457.73
2020-12-09,3416.08,3422.54,3371.96,3371.92,2607474.25,-38.22,-1.12,3417.092,3415.658,3388.0,2593827.75,2847440.68,2827054.23
2020-12-08,3417.69,3428.66,3410.18,3403.03,2269073.25,-6.42,-0.19,3432.576,3414.695,3386.512,2697955.15,2908803.45,2832282.84
2020-12-07,3446.65,3449.58,3416.6,3414.31,2545225.0,-27.98,-0.81,3440.928,3413.959,3384.01,2876518.45,2982890.28,2858179.74
2020-12-04,3436.73,3448.4,3444.58,3417.05,2562767.0,2.44,0.07,3435.96,3413.748,3381.867,3137453.4,3102239.83,2886028.38
2020-12-03,3448.54,3452.16,3442.14,3428.8,2984599.25,-7.24,-0.21,3428.706,3407.063,3375.246,3186199.8,3107234.35,2875322.09
2020-12-02,3453.52,3465.73,3449.38,3435.87,3128111.25,-2.56,-0.07,3414.224,3399.158,3369.145,3101053.6,3062037.43,2839492.85
2020-12-01,3388.99,3457.64,3451.94,3386.91,3161889.75,60.18,1.77,3396.814,3388.95,3360.548,3119651.75,3036757.55,2777344.35
2020-11-30,3418.16,3456.74,3391.76,3391.76,3849899.75,-16.55,-0.49,3386.99,3377.746,3351.505,3089262.1,3004201.05,2726898.8
2020-11-27,3373.84,3408.31,3408.31,3364.49,2806499.0,38.58,1.15,3391.536,3373.267,3343.173,3067026.25,2898804.83,2647793.38
2020-11-26,3360.06,3371.45,3369.73,3344.28,2558868.25,7.4,0.22,3385.42,3363.446,3333.984,3028268.9,2846053.3,2622562.83
2020-11-25,3417.52,3423.49,3362.33,3362.33,3221102.0,-40.49,-1.19,3384.092,3360.341,3329.134,3023021.25,2806667.78,2586971.21
2020-11-24,3407.41,3413.93,3402.82,3396.24,3009941.5,-11.67,-0.34,3381.086,3358.328,3324.479,2953863.35,2755762.23,2512507.09
2020-11-23,3384.1,3431.65,3414.49,3377.99,3738720.5,36.76,1.09,3368.502,3354.061,3317.054,2919140.0,2733469.2,2436567.79
2020-11-20,3359.6,3380.15,3377.73,3356.31,2612712.25,14.64,0.43,3354.998,3349.985,3308.886,2730583.4,2669816.93,2333497.67
2020-11-19,3339.09,3367.33,3363.09,3330.45,2532630.0,15.79,0.47,3341.472,3343.428,3303.899,2663837.7,2643409.83,2289966.55
2020-11-18,3337.33,3358.89,3347.3,3333.99,2875312.5,7.4,0.22,3336.59,3339.132,3301.37,2590314.3,2616948.28,2246310.04
2020-11-17,3347.15,3347.7,3339.9,3323.95,2836324.75,-7.07,-0.21,3335.57,3332.146,3300.256,2557661.1,2517931.15,2191360.48
2020-11-16,3325.62,3346.97,3346.97,3313.65,2795937.5,36.87,1.11,3339.62,3325.263,3299.666,2547798.4,2449596.55,2132086.62
2020-11-13,3327.23,3327.23,3310.1,3291.64,2278983.75,-28.58,-0.86,3344.972,3313.078,3297.951,2609050.45,2396781.93,2098441.52
2020-11-12,3344.46,3350.28,3338.68,3329.49,2165013.0,-3.52,-0.1,3345.384,3304.521,3299.264,2622981.95,2399072.35,2081640.04
2020-11-11,3354.02,3365.84,3342.2,3339.04,2712046.5,-17.95,-0.53,3341.674,3297.926,3298.939,2643582.25,2367274.64,2068905.04
2020-11-10,3387.62,3387.62,3360.15,3346.17,2787011.25,-13.58,-0.4,3328.722,3290.63,3298.868,2478201.2,2269251.95,2032632.41
2020-11-09,3329.43,3380.82,3373.73,3329.43,3102197.75,61.57,1.86,3310.906,3280.047,3298.848,2351394.7,2139666.39,1995744.89
2020-11-06,3326.46,3326.46,3312.16,3292.15,2348641.25,-7.97,-0.24,3281.184,3267.786,3298.085,2184513.4,1997178.41,1970446.21
2020-11-05,3305.58,3320.41,3320.13,3291.6,2268014.5,42.69,1.3,3263.658,3264.37,3296.081,2175162.75,1936523.28,1947176.97
2020-11-04,3273.43,3286.62,3277.44,3254.11,1885141.25,6.37,0.2,3254.178,3263.607,3290.977,2090967.03,1875671.81,1910528.48
2020-11-03,3239.81,3278.38,3271.07,3237.85,2152978.75,45.95,1.43,3252.538,3268.365,3288.323,2060302.7,1864789.8,1891946.35
2020-11-02,3228.72,3242.8,3225.12,3209.91,2267791.25,0.59,0.02,3249.188,3274.068,3285.646,1927938.07,1814576.69,1862288.81
2020-10-30,3278.63,3279.86,3224.53,3219.42,2301888.0,-48.2,-1.47,3254.388,3282.823,3285.361,1809843.42,1800101.11,1831310.46
2020-10-29,3235.76,3289.77,3272.73,3231.12,1847035.88,3.49,0.11,3265.082,3294.006,3285.293,1697883.8,1764207.74,1819584.06
2020-10-28,3256.22,3275.87,3269.24,3238.38,1731819.62,14.92,0.46,3273.036,3299.951,3285.642,1660376.6,1770535.44,1811821.3
2020-10-27,3240.74,3258.34,3254.32,3235.54,1491155.62,3.2,0.1,3284.192,3307.105,3285.895,1669276.9,1796012.86,1832237.86
2020-10-26,3258.7,3264.45,3251.12,3226.6,1677318.0,-26.88,-0.82,3298.948,3317.648,3289.026,1701215.3,1851823.4,1865931.63
2020-10-23,3308.16,3326.05,3278.0,3276.62,1742089.88,-34.5,-1.04,3311.258,3328.383,3293.375,1790358.8,1943714.0,1910196.13
2020-10-22,3315.82,3320.88,3312.5,3281.37,1659499.88,-12.52,-0.38,3322.93,3327.791,3292.997,1830531.67,1957830.66,1924557.62
2020-10-21,3332.15,3332.15,3325.02,3304.17,1776321.12,-3.08,-0.09,3326.866,3318.346,3291.568,1880694.27,1945385.14,1941804.31
2020-10-20,3307.15,3328.1,3328.1,3293.77,1650847.62,15.43,0.47,3330.018,3308.28,3290.101,1922748.83,1919102.9,1951830.45
2020-10-19,3351.1,3371.09,3312.67,3307.84,2123035.5,-23.69,-0.71,3336.348,3297.223,3287.636,2002431.5,1910000.93,1976250.13
2020-10-16,3334.46,3348.95,3336.36,3319.11,1942954.25,4.18,0.12,3345.508,3287.898,3285.02,2097069.2,1862519.8,1980947.77
2020-10-15,3342.92,3354.58,3332.18,3330.0,1910312.88,-8.6,-0.26,3332.652,3276.58,3279.943,2085129.65,1874960.39,2040036.46
2020-10-14,3353.62,3353.62,3340.78,3332.96,1986593.88,-18.97,-0.56,3309.826,3271.333,3276.066,2010076.0,1853107.16,2120275.69
2020-10-13,3353.12,3361.83,3359.75,3334.5,2049261.0,1.28,0.04,3286.542,3264.685,3274.848,1915456.97,1868462.85,2156479.13
2020-10-12,3287.33,3359.15,3358.47,3286.11,2596224.0,86.39,2.64,3258.098,3260.404,3271.49,1817570.35,1880039.85,2184324.37
2020-10-09,3262.61,3280.51,3272.08,3260.19,1883256.5,54.03,1.68,3230.288,3258.366,3271.335,1627970.4,1876678.25,2165331.44
2020-09-30,3232.71,3244.91,3218.05,3202.34,1535044.62,-6.31,-0.2,3220.508,3258.202,3276.98,1664791.12,1891284.57,2198841.76
2020-09-29,3231.86,3242.79,3224.36,3219.79,1513498.75,6.83,0.21,3232.84,3264.789,3286.317,1696138.32,1938223.47,2252862.69
2020-09-28,3224.98,3238.18,3217.53,3210.89,1559827.88,-1.89,-0.06,3242.828,3271.921,3295.63,1821468.72,1984558.0,2300687.37
2020-09-25,3234.37,3239.47,3219.42,3208.03,1648224.25,-3.76,-0.12,3262.71,3278.049,3304.537,1942509.35,2042499.34,2384432.93
2020-09-24,3262.88,3265.35,3223.18,3221.24,2067360.12,-56.53,-1.72,3286.444,3282.142,3313.757,2125386.1,2099375.74,2437684.49
2020-09-23,3278.84,3289.76,3279.71,3264.89,1691780.62,5.41,0.17,3295.896,3283.306,3320.103,2117778.02,2205112.52,2452866.16
2020-09-22,3290.67,3320.23,3274.3,3265.7,2140150.75,-42.64,-1.29,3296.738,3280.798,3322.605,2180308.62,2387444.21,2515502.64
2020-09-21,3348.9,3350.59,3316.94,3313.07,2165031.0,-21.15,-0.63,3301.014,3285.01,3327.569,2147647.27,2444495.41,2547051.82
2020-09-18,3270.91,3338.32,3338.09,3268.53,2562608.0,67.65,2.07,3293.388,3282.575,3331.004,2142489.32,2488608.89,2571914.19
2020-09-17,3277.32,3290.41,3270.44,3248.5,2029319.75,-13.48,-0.41,3277.84,3284.303,3333.133,2073365.37,2453984.64,2587527.97
2020-09-16,3293.17,3302.46,3283.92,3271.08,2004433.62,-11.76,-0.36,3270.716,3295.757,3337.806,2292447.02,2506398.94,2653862.47
2020-09-15,3277.13,3297.69,3295.68,3263.75,1976844.0,16.87,0.52,3264.858,3307.845,3344.017,2594579.8,2567501.9,2756501.9
2020-09-14,3275.92,3283.53,3278.81,3261.15,2139241.25,18.46,0.57,3269.006,3319.338,3351.787,2741343.55,2616816.75,2848024.34
2020-09-11,3225.78,3262.5,3260.35,3220.54,2216988.25,25.53,0.79,3271.762,3331.025,3359.787,2834728.45,2726366.53,2958361.4
2020-09-10,3282.23,3285.47,3234.82,3227.64,3124728.0,-19.81,-0.61,3290.766,3345.371,3364.774,2834603.9,2775993.25,3000511.18
2020-09-09,3281.0,3289.61,3254.63,3238.56,3515097.5,-61.79,-1.86,3320.798,3356.9,3369.07,2720350.85,2700619.8,3006420.41
2020-09-08,3301.22,3324.39,3316.42,3276.44,2710662.75,23.83,0.72,3350.832,3364.411,3372.302,2540424.0,2643561.08,3019830.01
2020-09-07,3349.92,3368.24,3292.59,3285.63,2606165.75,-62.78,-1.87,3369.67,3370.127,3373.495,2492289.95,2649608.23,3084523.23
2020-09-04,3336.41,3360.11,3355.37,3328.55,2216365.5,-29.61,-0.88,3390.288,3379.432,3377.828,2618004.6,2655219.5,3144904.75
2020-09-03,3404.03,3425.63,3384.98,3374.26,2553462.75,-19.82,-0.58,3399.976,3381.963,3377.762,2717382.6,2721071.3,3236051.29
2020-09-02,3420.47,3421.4,3404.8,3377.21,2615463.25,-5.81,-0.17,3393.002,3379.855,3377.836,2680888.75,2801326.0,3316029.4
2020-09-01,3389.74,3410.61,3410.61,3381.71,2469992.5,14.93,0.44,3377.99,3380.188,3376.474,2746698.15,2945501.9,3378167.75
2020-08-31,3416.55,3442.74,3395.68,3395.47,3234739.0,-8.13,-0.24,3370.584,3384.236,3374.528,2806926.5,3079231.93,3475832.4
2020-08-28,3346.29,3405.88,3403.81,3339.65,2713255.5,53.7,1.6,3368.576,3388.548,3373.142,2692434.4,3190356.28,3517825.89
2020-08-27,3333.49,3351.83,3350.11,3312.99,2370993.5,20.37,0.61,3363.95,3384.177,3368.452,2724760.0,3225029.1,3559042.6
2020-08-26,3371.81,3382.6,3329.74,3320.14,2944510.25,-43.84,-1.3,3366.708,3381.239,3365.288,2921763.25,3312221.03,3610844.99
2020-08-25,3392.88,3408.87,3373.58,3364.16,2771134.25,-12.06,-0.36,3382.386,3380.192,3363.528,3144305.65,3396098.95,3626081.5
2020-08-24,3391.11,3396.57,3385.64,3368.03,2662278.5,4.96,0.15,3397.888,3376.863,3356.247,3351537.35,3519438.23,3632213.71
2020-08-21,3380.23,3393.92,3380.68,3358.0,2874883.5,16.78,0.5,3408.52,3376.224,3347.227,3688278.15,3634590.0,3648759.3
2020-08-20,3385.96,3394.56,3363.9,3352.78,3356009.75,-44.23,-1.3,3404.404,3373.56,3338.031,3725298.2,3751031.28,3718542.15
2020-08-19,3444.56,3454.46,3408.13,3406.16,4057222.25,-42.96,-1.25,3395.77,3375.816,3336.092,3702678.8,3830732.8,3754262.91
2020-08-18,3441.93,3456.72,3451.09,3432.64,3807292.75,12.29,0.36,3377.998,3372.759,3332.343,3647892.25,3810833.6,3748069.46
2020-08-17,3373.9,3450.9,3438.8,3369.37,4345982.5,78.7,2.34,3355.838,3364.819,3325.833,3687339.1,3872432.88,3737330.84
2020-08-14,3315.67,3362.03,3360.1,3302.74,3059983.75,39.37,1.19,3343.928,3357.736,3319.601,3580901.85,3845295.5,3729309.36
2020-08-13,3328.18,3338.15,3320.73,3309.46,3242912.75,1.46,0.04,3342.716,3352.727,3312.302,3776764.35,3893056.1,3756136.39
2020-08-12,3327.49,3335.73,3319.27,3263.27,3783289.5,-21.02,-0.63,3355.862,3349.336,3306.771,3958786.8,3909468.95,3839297.3
2020-08-11,3379.49,3409.06,3340.29,3336.09,4004527.0,-38.96,-1.15,3367.52,3346.864,3308.872,3973774.95,3856064.05,3896148.1
2020-08-10,3341.53,3399.93,3379.25,3335.04,3813796.25,25.21,0.75,3373.8,3335.631,3312.589,4057526.65,3744989.2,3967527.5
2020-08-07,3370.59,3374.13,3354.04,3307.71,4039296.25,-32.42,-0.96,3371.544,3318.229,3315.791,4109689.15,3662928.6,4055841.14
2020-08-06,3380.76,3392.7,3386.46,3334.33,4153025.0,8.9,0.26,3362.738,3302.502,3317.255,4009347.85,3686053.03,4131936.33
2020-08-05,3363.33,3383.64,3377.56,3333.88,3858230.25,5.87,0.17,3342.81,3296.367,3320.461,3860151.1,3677793.03,4234285.98
2020-08-04,3376.44,3391.07,3371.69,3352.5,4423285.5,3.72,0.11,3326.208,3291.927,3321.755,3738353.15,3685305.33,4334915.31
2020-08-03,3332.18,3368.1,3367.97,3327.68,4074608.75,57.96,1.75,3297.462,3286.847,3320.438,3432451.75,3602228.8,4442671.11
2020-07-31,3280.8,3333.79,3310.01,3261.61,3537589.75,23.19,0.71,3264.914,3281.465,3318.683,3216168.05,3613323.23,4560880.13
2020-07-30,3299.57,3312.45,3286.82,3282.16,3407041.25,-7.73,-0.23,3242.266,3271.877,3310.823,3362758.2,3619216.68,4613397.56
2020-07-29,3221.99,3294.55,3294.55,3209.99,3249240.5,66.59,2.06,3249.924,3264.205,3301.011,3495434.95,3769125.65,4638609.5
2020-07-28,3226.13,3245.3,3227.96,3208.49,2893778.5,22.73,0.71,3257.646,3270.88,3287.582,3632257.5,3936232.15,4612804.05
2020-07-27,3210.39,3221.98,3205.23,3174.66,2993190.25,8.46,0.27,3276.232,3289.546,3275.418,3772005.85,4190065.8,4575593.74
2020-07-24,3310.64,3319.13,3196.77,3184.96,4270540.5,-128.34,-3.86,3298.016,3313.352,3263.232,4010478.4,4448753.68,4536245.59
2020-07-23,3306.15,3336.3,3325.11,3257.83,4070425.0,-8.05,-0.24,3301.488,3332.007,3252.371,3875675.15,4577819.63,4429318.93
2020-07-22,3315.18,3381.98,3333.16,3311.79,3933353.25,12.27,0.37,3278.486,3344.555,3234.647,4042816.35,4790778.93,4338403.78
2020-07-21,3330.55,3336.68,3320.89,3300.57,3592520.25,6.74,0.2,3284.114,3351.583,3216.252,4240206.8,4984525.3,4275678.03
2020-07-20,3243.91,3314.15,3314.15,3220.68,4185553.0,100.02,3.11,3302.86,3354.028,3198.589,4608125.75,5283113.43,4228208.99
2020-07-17,3214.4,3252.78,3214.13,3181.27,3596524.25,4.03,0.13,3328.688,3355.901,3179.848,4887028.95,5508437.03,4148277.03
2020-07-16,3356.36,3373.53,3210.1,3209.73,4906131.0,-151.2,-4.5,3362.526,3349.769,3165.935,5279964.1,5607578.45,4085778.01
2020-07-15,3422.08,3432.45,3361.3,3345.75,4920305.5,-53.32,-1.56,3410.624,3337.816,3152.017,5538741.5,5508093.35,3952128.0
2020-07-14,3435.02,3451.22,3414.62,3366.08,5432115.0,-28.67,-0.83,3419.052,3304.284,3128.454,5728843.8,5289375.95,3827715.25
2020-07-13,3379.39,3458.79,3443.29,3369.04,5580069.0,59.97,1.77,3405.196,3261.289,3103.71,5958101.1,4961121.68,3674113.83
2020-07-10,3418.93,3433.11,3383.32,3372.51,5561200.0,-67.27,-1.95,3383.114,3213.112,3077.59,6129845.1,4623737.5,3511971.85
2020-07-09,3403.48,3456.97,3450.59,3393.64,6200018.0,47.15,1.39,3337.012,3172.735,3055.612,5935192.8,4280818.23,3337874.84
2020-07-08,3337.55,3421.53,3403.44,3327.71,5870817.0,58.1,1.74,3265.008,3124.738,3030.888,5477445.2,3886028.63,3132398.23
2020-07-07,3380.95,3407.08,3345.34,3336.24,6578401.5,12.46,0.37,3189.516,3080.921,3007.604,4849908.1,3566830.75,2954419.56
2020-07-06,3187.84,3337.27,3332.88,3187.84,6438789.0,180.07,5.71,3117.382,3043.15,2986.877,3964142.25,3173304.55,2734179.82
2020-07-03,3104.0,3152.81,3152.81,3104.0,4587938.5,62.24,2.01,3043.11,3003.794,2966.196,3117629.9,2788117.03,2525543.31
2020-07-02,3023.72,3092.44,3090.57,3021.67,3911280.0,64.59,2.13,3008.458,2982.1,2954.724,2626443.65,2563977.58,2423978.37
2020-07-01,2991.18,3026.19,3025.98,2984.98,2733131.5,41.31,1.38,2984.468,2966.218,2946.265,2294612.05,2396162.65,2356468.39
2020-06-30,2965.11,2990.83,2984.67,2965.11,2149572.25,23.15,0.78,2972.326,2952.623,2940.738,2283753.4,2366054.55,2349909.84
2020-06-29,2973.08,2977.91,2961.52,2951.77,2206227.25,-18.03,-0.6,2968.918,2946.13,2934.122,2382466.85,2387105.98,2345827.63
2020-06-24,2972.98,2982.94,2979.55,2971.22,2132007.25,8.93,0.3,2964.478,2942.068,2928.357,2458604.15,2400206.2,2339289.28
2020-06-23,2960.89,2972.4,2970.62,2949.85,2252122.0,5.35,0.18,2955.742,2938.488,2921.219,2501511.5,2394931.45,2331763.59
2020-06-22,2966.9,2983.44,2965.27,2959.04,2678838.25,-2.36,-0.08,2947.968,2937.037,2915.016,2497713.25,2378767.84,2306438.68
2020-06-19,2938.79,2973.32,2967.63,2935.82,2643139.5,28.31,0.96,2932.92,2934.287,2907.651,2448355.7,2342008.36,2258939.54
2020-06-18,2929.88,2942.9,2939.32,2920.11,2586913.75,3.45,0.12,2923.342,2930.604,2899.958,2391745.1,2295055.09,2231314.43
2020-06-17,2932.67,2936.62,2935.87,2919.04,2346544.0,4.12,0.14,2919.658,2928.597,2896.388,2341808.25,2262969.59,2203734.76
2020-06-16,2912.83,2931.78,2931.75,2909.13,2233130.75,41.72,1.44,2921.234,2927.347,2893.781,2288351.4,2283979.16,2191667.54
2020-06-15,2908.28,2922.54,2890.03,2890.03,2432050.5,-29.71,-1.02,2926.106,2926.312,2891.783,2259822.43,2316774.14,2189485.27
2020-06-12,2876.8,2930.26,2919.74,2872.62,2360086.5,-1.16,-0.04,2935.654,2928.852,2891.88,2235661.03,2333765.14,2176009.42
2020-06-11,2939.79,2952.65,2920.9,2912.19,2337229.5,-22.85,-0.78,2937.866,2922.113,2890.241,2198365.08,2304549.29,2165181.36
2020-06-10,2951.28,2951.33,2943.75,2934.84,2079259.75,-12.36,-0.42,2937.536,2914.645,2888.325,2184130.93,2278372.36,2154428.35
2020-06-09,2939.54,2957.12,2956.11,2932.94,2090485.88,18.34,0.62,2933.46,2903.95,2884.63,2279606.93,2268595.73,2159439.59
2020-06-08,2941.98,2950.07,2937.77,2934.21,2311243.5,6.97,0.24,2926.518,2892.994,2879.524,2373725.85,2234109.51,2164364.86
2020-06-05,2923.19,2930.8,2930.8,2909.12,2173606.75,11.55,0.4,2922.05,2881.014,2875.044,2431869.25,2175870.73,2153066.5
2020-06-04,2931.84,2932.97,2919.25,2910.75,2266058.75,-4.12,-0.14,2906.36,2869.311,2870.398,2410733.5,2167573.76,2151354.81
2020-06-03,2930.39,2942.76,2923.37,2922.66,2556639.75,1.97,0.07,2891.754,2864.178,2865.956,2372613.8,2144499.93,2140927.18
2020-06-02,2916.32,2926.36,2921.4,2909.13,2561080.5,5.97,0.2,2874.44,2860.215,2860.215,2257584.53,2099355.93,2099355.93
2020-06-01,2871.96,2917.15,2915.43,2871.96,2601960.5,63.08,2.21,2859.47,2853.417,2853.417,2094493.18,2048053.19,2048053.19
2020-05-29,2835.58,2855.38,2852.35,2829.63,2067928.0,6.13,0.21,2839.978,2845.665,2845.665,1919872.2,1978814.78,1978814.78
2020-05-28,2838.21,2861.92,2846.22,2820.15,2075460.25,9.42,0.33,2832.262,2844.71,2844.71,1924414.02,1966084.32,1966084.32
2020-05-27,2847.32,2849.0,2836.8,2831.93,1981493.38,-9.75,-0.34,2836.602,2844.458,2844.458,1916386.05,1947855.0,1947855.0
2020-05-26,2827.9,2848.34,2846.55,2825.9,1745623.75,28.58,1.01,2845.99,2845.99,2845.99,1941127.32,1941127.32,1941127.32
2020-05-25,2816.24,2821.5,2817.97,2802.47,1728855.62,4.2,0.15,2845.85,2845.85,2845.85,1990003.22,1990003.22,1990003.22
2020-05-22,2863.05,2863.05,2813.77,2808.02,2090637.12,-54.15,-1.89,2855.143,2855.143,2855.143,2077052.42,2077052.42,2077052.42
2020-05-21,2890.72,2891.52,2867.92,2864.21,2035320.38,-15.82,-0.55,2875.83,2875.83,2875.83,2070260.07,2070260.07,2070260.07
2020-05-20,2896.47,2896.47,2883.74,2876.18,2105199.75,-14.84,-0.51,2883.74,2883.74,2883.74,2105199.75,2105199.75,2105199.75
